Regija,YearMonth,SO2,PM10,NO2
Koroška,2002-01,36.0,,
Osrednjeslovenska,2002-01,16.0,69.0,19.0
Savinjska,2002-01,45.42857142857143,64.0,31.0
Goriška,2002-01,10.0,48.0,48.0
Podravska,2002-01,20.0,59.0,51.0
Posavska,2002-01,62.0,,
Pomurska,2002-01,9.0,50.0,27.0
Zasavska,2002-01,46.57142857142857,64.5,21.5
Pomurska,2002-02,4.0,40.0,15.0
Podravska,2002-02,16.0,58.0,40.0
Zasavska,2002-02,24.714285714285715,52.0,21.0
Posavska,2002-02,50.0,,
Goriška,2002-02,9.0,42.0,39.0
Savinjska,2002-02,36.0,54.0,25.5
Osrednjeslovenska,2002-02,7.5,44.0,24.5
Koroška,2002-02,32.0,,
Koroška,2002-03,28.0,,
Osrednjeslovenska,2002-03,9.0,48.0,20.5
Savinjska,2002-03,24.285714285714285,55.0,22.5
Goriška,2002-03,8.0,46.0,36.0
Pomurska,2002-03,4.0,43.0,13.0
Zasavska,2002-03,30.571428571428573,56.0,19.0
Podravska,2002-03,10.0,63.0,42.0
Posavska,2002-03,70.0,,
Zasavska,2002-04,43.42857142857143,47.0,18.5
Pomurska,2002-04,4.0,36.0,11.0
Posavska,2002-04,43.0,,
Podravska,2002-04,6.0,46.0,50.0
Goriška,2002-04,6.0,40.0,29.0
Savinjska,2002-04,19.428571428571427,40.0,16.0
Osrednjeslovenska,2002-04,11.5,39.0,17.5
Koroška,2002-04,15.0,,
Osrednjeslovenska,2002-05,5.0,33.0,14.0
Koroška,2002-05,27.0,,
Savinjska,2002-05,26.857142857142858,39.0,13.5
Goriška,2002-05,5.0,36.0,24.0
Podravska,2002-05,4.0,47.0,31.0
Posavska,2002-05,44.0,,
Pomurska,2002-05,6.0,32.0,10.0
Zasavska,2002-05,33.142857142857146,40.0,11.5
Zasavska,2002-06,38.142857142857146,43.0,13.0
Pomurska,2002-06,3.0,36.0,11.0
Podravska,2002-06,6.0,49.0,32.0
Posavska,2002-06,46.0,,
Goriška,2002-06,3.0,44.0,25.0
Savinjska,2002-06,20.0,41.0,11.5
Osrednjeslovenska,2002-06,4.5,41.0,12.0
Koroška,2002-06,14.0,,
Osrednjeslovenska,2002-07,6.0,34.0,12.0
Koroška,2002-07,18.0,,
Savinjska,2002-07,29.0,36.0,20.5
Goriška,2002-07,3.0,37.0,23.0
Podravska,2002-07,7.0,45.0,30.0
Posavska,2002-07,37.0,,
Pomurska,2002-07,4.0,42.0,11.0
Zasavska,2002-07,32.0,47.5,14.0
Zasavska,2002-08,11.0,50.0,13.5
Pomurska,2002-08,2.0,46.0,11.0
Podravska,2002-08,5.0,48.0,30.0
Posavska,2002-08,37.0,,
Goriška,2002-08,2.0,36.0,13.0
Savinjska,2002-08,17.857142857142858,44.0,18.5
Osrednjeslovenska,2002-08,3.5,39.0,12.0
Koroška,2002-08,19.0,,
Osrednjeslovenska,2002-09,7.5,37.0,14.0
Koroška,2002-09,19.0,,
Savinjska,2002-09,16.571428571428573,41.0,22.0
Goriška,2002-09,3.0,39.0,17.0
Posavska,2002-09,28.0,,
Podravska,2002-09,2.0,43.0,33.0
Zasavska,2002-09,14.5,40.5,16.5
Pomurska,2002-09,3.0,38.0,11.0
Zasavska,2002-10,20.833333333333332,35.5,17.5
Posavska,2002-10,41.0,,
Pomurska,2002-10,4.0,32.0,13.0
Podravska,2002-10,5.0,42.0,36.0
Savinjska,2002-10,18.857142857142858,38.0,21.0
Osrednjeslovenska,2002-10,6.0,35.0,19.5
Goriška,2002-10,5.0,35.0,22.0
Koroška,2002-10,16.0,,
Koroška,2002-11,11.0,,
Goriška,2002-11,7.0,36.0,25.0
Osrednjeslovenska,2002-11,8.5,43.0,21.5
Savinjska,2002-11,15.857142857142858,52.0,19.5
Podravska,2002-11,4.0,50.0,36.0
Pomurska,2002-11,5.0,42.0,15.0
Posavska,2002-11,85.0,,
Zasavska,2002-11,30.166666666666668,44.5,20.0
Pomurska,2002-12,10.0,43.0,16.0
Zasavska,2002-12,31.5,44.5,19.5
Podravska,2002-12,9.0,53.0,30.0
Posavska,2002-12,17.0,,
Koroška,2002-12,8.0,,
Osrednjeslovenska,2002-12,14.0,41.0,20.5
Savinjska,2002-12,16.285714285714285,51.0,19.5
Goriška,2002-12,7.0,33.0,26.0
Pomurska,2003-01,7.0,70.0,27.0
Goriška,2003-01,7.0,38.0,34.0
Koroška,2003-01,5.0,,
Zasavska,2003-01,32.166666666666664,61.0,20.5
Osrednjeslovenska,2003-01,16.5,68.0,33.5
Savinjska,2003-01,21.0,51.5,21.333333333333332
Podravska,2003-01,12.0,59.0,50.0
Posavska,2003-01,32.0,30.0,
Zasavska,2003-02,41.833333333333336,67.5,23.5
Pomurska,2003-02,8.0,62.0,24.0
Savinjska,2003-02,21.375,59.5,22.666666666666668
Osrednjeslovenska,2003-02,20.5,58.0,28.0
Posavska,2003-02,22.0,40.0,
Podravska,2003-02,11.0,80.5,52.0
Koroška,2003-02,10.0,,
Goriška,2003-02,7.0,39.0,32.0
Osrednjeslovenska,2003-03,13.5,59.0,22.5
Podravska,2003-03,11.0,65.0,47.0
Posavska,2003-03,50.5,48.0,
Zasavska,2003-03,39.333333333333336,84.5,21.0
Pomurska,2003-03,6.0,54.0,18.0
Koroška,2003-03,9.0,,
Goriška,2003-03,7.0,51.0,34.0
Savinjska,2003-03,21.25,53.5,19.0
Savinjska,2003-04,11.625,36.5,11.0
Goriška,2003-04,4.0,36.0,26.0
Zasavska,2003-04,18.333333333333332,54.5,34.0
Koroška,2003-04,10.0,,
Osrednjeslovenska,2003-04,7.5,39.0,15.5
Pomurska,2003-04,5.0,43.0,11.0
Posavska,2003-04,21.0,33.0,
Podravska,2003-04,7.0,47.5,34.0
Koroška,2003-05,12.0,,
Goriška,2003-05,7.0,37.0,24.0
Zasavska,2003-05,35.5,46.5,33.0
Savinjska,2003-05,16.75,35.5,10.333333333333334
Pomurska,2003-05,6.0,34.0,12.0
Podravska,2003-05,6.0,46.5,36.0
Osrednjeslovenska,2003-05,6.0,41.0,14.5
Posavska,2003-05,52.5,33.0,
Podravska,2003-06,8.0,45.5,36.0
Posavska,2003-06,33.5,27.0,
Pomurska,2003-06,5.0,36.0,12.0
Osrednjeslovenska,2003-06,9.0,44.0,12.5
Koroška,2003-06,11.0,,
Savinjska,2003-06,17.0,33.0,9.666666666666666
Goriška,2003-06,8.0,36.0,20.0
Zasavska,2003-06,36.857142857142854,45.5,15.5
Zasavska,2003-07,29.285714285714285,35.5,15.5
Goriška,2003-07,6.0,33.0,17.0
Koroška,2003-07,18.0,,
Savinjska,2003-07,19.25,28.0,8.0
Pomurska,2003-07,4.0,30.0,12.0
Podravska,2003-07,6.0,35.5,29.0
Osrednjeslovenska,2003-07,8.0,34.0,11.5
Posavska,2003-07,36.0,25.0,
Osrednjeslovenska,2003-08,5.0,45.0,14.0
Posavska,2003-08,57.5,29.0,
Pomurska,2003-08,6.0,37.0,13.0
Podravska,2003-08,5.0,40.5,28.0
Goriška,2003-08,10.0,40.0,19.0
Zasavska,2003-08,6.857142857142857,43.5,32.0
Koroška,2003-08,15.0,,
Savinjska,2003-08,19.0,36.0,9.666666666666666
Savinjska,2003-09,14.125,32.5,12.333333333333334
Koroška,2003-09,8.0,,
Zasavska,2003-09,30.714285714285715,41.5,16.5
Goriška,2003-09,8.0,33.0,26.0
Pomurska,2003-09,4.0,37.0,13.0
Podravska,2003-09,10.0,41.0,32.0
Posavska,2003-09,32.0,26.0,
Osrednjeslovenska,2003-09,7.5,38.0,18.5
Osrednjeslovenska,2003-10,13.0,36.0,17.0
Posavska,2003-10,17.0,25.0,
Podravska,2003-10,9.0,40.5,34.0
Pomurska,2003-10,5.0,31.0,11.0
Koroška,2003-10,9.0,,
Savinjska,2003-10,12.125,30.5,11.0
Goriška,2003-10,5.0,29.0,29.0
Zasavska,2003-10,26.857142857142858,39.0,15.5
Osrednjeslovenska,2003-11,11.0,43.0,18.0
Zasavska,2003-11,24.857142857142858,43.0,14.0
Savinjska,2003-11,15.285714285714286,35.5,12.666666666666666
Goriška,2003-11,6.0,34.0,30.0
Koroška,2003-11,8.0,,
Posavska,2003-11,33.5,26.0,
Pomurska,2003-11,5.0,38.0,11.0
Podravska,2003-11,9.0,49.5,36.0
Posavska,2003-12,34.5,25.0,
Pomurska,2003-12,6.0,46.0,13.0
Koroška,2003-12,8.0,,
Podravska,2003-12,15.0,49.0,36.0
Osrednjeslovenska,2003-12,9.5,49.0,23.0
Goriška,2003-12,7.0,36.0,36.0
Zasavska,2003-12,38.5,53.0,19.5
Savinjska,2003-12,18.571428571428573,39.0,17.0
Podravska,2004-01,8.0,46.5,34.0
Savinjska,2004-01,15.555555555555555,44.333333333333336,25.5
Posavska,2004-01,20.0,25.0,9.0
Zasavska,2004-01,25.142857142857142,41.0,24.5
Goriška,2004-01,6.0,36.0,33.0
Pomurska,2004-01,6.0,41.0,14.0
Koroška,2004-01,8.0,,
Osrednjeslovenska,2004-01,10.5,51.0,23.0
Savinjska,2004-02,12.666666666666666,41.666666666666664,27.0
Koroška,2004-02,7.0,,
Pomurska,2004-02,9.0,29.0,18.0
Podravska,2004-02,9.0,44.0,36.0
Osrednjeslovenska,2004-02,12.0,44.0,24.5
Zasavska,2004-02,32.857142857142854,40.0,17.0
Goriška,2004-02,6.0,42.0,31.0
Posavska,2004-02,46.5,28.0,7.0
Osrednjeslovenska,2004-03,12.0,47.0,23.5
Zasavska,2004-03,34.857142857142854,51.333333333333336,20.5
Savinjska,2004-03,12.0,42.333333333333336,25.75
Posavska,2004-03,23.0,35.0,4.0
Goriška,2004-03,6.0,38.0,26.0
Pomurska,2004-03,5.0,36.0,10.0
Koroška,2004-03,10.0,,
Podravska,2004-03,10.0,56.0,37.0
Zasavska,2004-04,18.857142857142858,40.0,21.5
Osrednjeslovenska,2004-04,8.0,38.0,16.5
Pomurska,2004-04,4.0,30.0,8.0
Koroška,2004-04,5.0,,
Podravska,2004-04,9.0,42.5,33.0
Goriška,2004-04,3.0,31.0,26.0
Posavska,2004-04,23.5,28.0,4.0
Savinjska,2004-04,7.666666666666667,33.333333333333336,19.0
Koroška,2004-05,7.0,,
Savinjska,2004-05,7.222222222222222,23.333333333333332,15.25
Osrednjeslovenska,2004-05,5.0,30.0,13.5
Goriška,2004-05,5.0,25.0,20.0
Posavska,2004-05,24.5,22.0,9.0
Zasavska,2004-05,19.428571428571427,29.0,19.5
Podravska,2004-05,8.0,37.5,32.0
Pomurska,2004-05,3.0,25.0,10.0
Posavska,2004-06,22.0,19.0,
Koroška,2004-06,3.0,,
Osrednjeslovenska,2004-06,4.0,31.0,12.5
Podravska,2004-06,6.0,32.5,24.0
Pomurska,2004-06,4.0,26.0,9.0
Zasavska,2004-06,8.0,30.0,17.5
Goriška,2004-06,8.0,31.0,20.0
Savinjska,2004-06,10.25,25.0,8.0
Koroška,2004-07,4.0,,
Osrednjeslovenska,2004-07,4.0,37.0,10.5
Zasavska,2004-07,8.857142857142858,34.0,16.5
Goriška,2004-07,5.0,33.0,18.0
Posavska,2004-07,22.0,24.0,1.0
Savinjska,2004-07,10.0,28.333333333333332,11.25
Pomurska,2004-07,3.0,32.0,8.0
Podravska,2004-07,7.0,35.5,25.0
Goriška,2004-08,3.0,34.0,20.0
Posavska,2004-08,24.5,24.0,2.0
Savinjska,2004-08,8.555555555555555,28.666666666666668,10.5
Pomurska,2004-08,5.0,27.0,9.0
Podravska,2004-08,6.0,37.0,28.0
Zasavska,2004-08,24.428571428571427,32.666666666666664,18.0
Osrednjeslovenska,2004-08,4.0,38.0,10.5
Koroška,2004-08,6.0,,
Koroška,2004-09,6.0,,
Osrednjeslovenska,2004-09,8.5,39.0,13.5
Zasavska,2004-09,24.428571428571427,36.0,15.5
Savinjska,2004-09,10.5,30.0,9.333333333333334
Posavska,2004-09,14.0,24.0,2.0
Goriška,2004-09,7.0,34.0,20.0
Pomurska,2004-09,4.0,29.0,10.0
Podravska,2004-09,6.0,38.0,25.0
Podravska,2004-10,8.0,40.0,28.0
Pomurska,2004-10,4.0,29.0,10.0
Goriška,2004-10,7.0,33.0,20.0
Osrednjeslovenska,2004-10,5.5,36.0,23.0
Zasavska,2004-10,19.714285714285715,35.666666666666664,19.0
Posavska,2004-10,16.5,24.0,2.0
Koroška,2004-10,4.0,,
Savinjska,2004-10,9.75,29.666666666666668,9.666666666666666
Osrednjeslovenska,2004-11,9.5,45.0,20.0
Goriška,2004-11,10.0,38.0,31.0
Podravska,2004-11,10.0,44.0,33.0
Pomurska,2004-11,6.0,29.0,13.0
Savinjska,2004-11,11.222222222222221,27.666666666666668,20.25
Koroška,2004-11,4.0,,
Zasavska,2004-11,33.42857142857143,37.333333333333336,17.0
Posavska,2004-11,17.0,21.0,5.0
Podravska,2004-12,8.0,49.0,31.0
Posavska,2004-12,17.0,29.0,7.0
Zasavska,2004-12,69.42857142857143,60.666666666666664,30.5
Osrednjeslovenska,2004-12,14.5,52.0,22.5
Koroška,2004-12,10.0,,
Pomurska,2004-12,6.0,41.0,13.0
Goriška,2004-12,16.0,36.0,37.0
Savinjska,2004-12,15.666666666666666,35.0,19.0
Koroška,2005-01,6.0,,
Posavska,2005-01,40.5,26.0,
Podravska,2005-01,11.0,53.5,32.0
Zasavska,2005-01,32.714285714285715,54.333333333333336,19.0
Pomurska,2005-01,6.0,50.0,14.0
Osrednjeslovenska,2005-01,8.5,60.0,24.5
Savinjska,2005-01,13.444444444444445,40.333333333333336,15.75
Goriška,2005-01,8.0,40.0,34.0
Pomurska,2005-02,12.0,63.0,23.0
Podravska,2005-02,14.0,60.0,40.0
Savinjska,2005-02,13.666666666666666,51.666666666666664,20.0
Osrednjeslovenska,2005-02,18.5,50.0,20.0
Goriška,2005-02,9.0,37.0,32.0
Zasavska,2005-02,46.714285714285715,59.0,18.5
Posavska,2005-02,16.0,38.0,
Koroška,2005-02,9.0,,
Goriška,2005-03,12.0,43.0,34.0
Pomurska,2005-03,9.0,52.0,17.0
Podravska,2005-03,10.0,59.5,43.0
Zasavska,2005-03,38.142857142857146,61.0,24.5
Posavska,2005-03,34.0,40.0,
Koroška,2005-03,9.0,,
Savinjska,2005-03,11.777777777777779,47.333333333333336,17.333333333333332
Osrednjeslovenska,2005-03,11.0,48.0,19.5
Koroška,2005-04,7.0,,
Zasavska,2005-04,11.428571428571429,42.0,15.5
Posavska,2005-04,24.5,23.0,
Podravska,2005-04,7.0,34.5,30.0
Goriška,2005-04,9.0,32.0,21.0
Savinjska,2005-04,9.222222222222221,29.333333333333332,6.5
Osrednjeslovenska,2005-04,4.5,28.0,13.5
Pomurska,2005-04,5.0,28.0,13.0
Koroška,2005-05,4.0,,
Pomurska,2005-05,4.0,23.0,9.0
Osrednjeslovenska,2005-05,2.5,25.0,10.5
Goriška,2005-05,7.0,29.0,21.0
Podravska,2005-05,5.0,32.0,32.0
Posavska,2005-05,33.0,21.0,
Savinjska,2005-05,5.875,25.666666666666668,13.2
Zasavska,2005-05,5.714285714285714,38.333333333333336,24.0
Pomurska,2005-06,2.0,26.0,12.0
Zasavska,2005-06,15.857142857142858,39.0,17.0
Savinjska,2005-06,7.375,24.666666666666668,10.6
Podravska,2005-06,4.0,29.0,28.0
Koroška,2005-06,6.0,,
Posavska,2005-06,17.0,21.0,
Osrednjeslovenska,2005-06,2.5,26.0,14.5
Goriška,2005-06,6.0,28.0,18.0
Zasavska,2005-07,19.714285714285715,39.0,14.5
Osrednjeslovenska,2005-07,4.0,26.0,12.5
Savinjska,2005-07,10.777777777777779,26.0,12.0
Podravska,2005-07,4.0,33.5,25.0
Koroška,2005-07,5.0,,
Goriška,2005-07,7.0,34.0,16.0
Pomurska,2005-07,4.0,25.0,10.0
Posavska,2005-07,16.0,22.0,
Osrednjeslovenska,2005-08,3.5,20.0,11.0
Koroška,2005-08,7.0,,
Pomurska,2005-08,4.0,22.0,10.0
Goriška,2005-08,4.0,26.0,13.0
Podravska,2005-08,4.0,28.0,24.0
Posavska,2005-08,10.0,18.0,
Zasavska,2005-08,20.571428571428573,30.666666666666668,13.5
Savinjska,2005-08,10.625,20.666666666666668,9.2
Pomurska,2005-09,2.0,28.0,11.0
Zasavska,2005-09,18.0,36.0,12.5
Podravska,2005-09,7.0,35.0,26.0
Savinjska,2005-09,12.625,27.666666666666668,11.0
Posavska,2005-09,14.5,26.0,
Koroška,2005-09,8.0,,
Osrednjeslovenska,2005-09,5.5,26.0,12.0
Goriška,2005-09,5.0,33.0,20.0
Zasavska,2005-10,14.857142857142858,51.0,17.5
Podravska,2005-10,12.0,57.5,27.0
Goriška,2005-10,7.0,38.0,24.0
Posavska,2005-10,18.0,31.0,
Pomurska,2005-10,3.0,43.0,15.0
Osrednjeslovenska,2005-10,7.0,44.0,13.0
Savinjska,2005-10,9.25,43.0,10.666666666666666
Koroška,2005-10,3.0,,
Posavska,2005-11,7.5,28.0,
Goriška,2005-11,5.0,32.0,22.0
Podravska,2005-11,9.0,52.0,39.0
Koroška,2005-11,6.0,,
Zasavska,2005-11,8.714285714285714,41.333333333333336,19.0
Pomurska,2005-11,5.0,43.0,20.0
Osrednjeslovenska,2005-11,4.5,36.0,16.0
Savinjska,2005-11,12.0,37.666666666666664,25.25
Savinjska,2005-12,12.0,39.333333333333336,29.75
Osrednjeslovenska,2005-12,7.0,48.0,25.5
Pomurska,2005-12,6.0,41.0,18.0
Posavska,2005-12,17.5,21.0,
Goriška,2005-12,6.0,34.0,30.0
Zasavska,2005-12,8.142857142857142,49.0,18.0
Koroška,2005-12,6.0,,
Podravska,2005-12,7.0,39.0,47.0
Jugovzhodna Slovenija,2006-01,,30.0,
Podravska,2006-01,16.0,71.0,55.0
Obalno-kraška,2006-01,,33.0,
Zasavska,2006-01,12.428571428571429,69.66666666666667,23.0
Pomurska,2006-01,7.0,86.0,16.0
Goriška,2006-01,11.0,39.0,34.0
Osrednjeslovenska,2006-01,12.0,53.0,27.0
Savinjska,2006-01,13.666666666666666,70.33333333333333,20.25
Koroška,2006-01,9.0,,
Posavska,2006-01,13.0,47.0,
Posavska,2006-02,22.0,35.0,
Pomurska,2006-02,9.0,45.0,17.0
Podravska,2006-02,11.0,53.0,53.0
Zasavska,2006-02,7.428571428571429,55.333333333333336,24.5
Goriška,2006-02,7.0,35.0,30.0
Koroška,2006-02,9.0,,
Savinjska,2006-02,10.222222222222221,51.0,18.5
Osrednjeslovenska,2006-02,7.5,41.0,27.0
Jugovzhodna Slovenija,2006-02,,16.0,
Obalno-kraška,2006-02,,33.0,
Posavska,2006-03,12.5,32.0,
Koroška,2006-03,8.0,,
Osrednjeslovenska,2006-03,6.0,33.0,21.5
Goriška,2006-03,4.0,35.0,25.0
Obalno-kraška,2006-03,,39.0,
Savinjska,2006-03,8.666666666666666,38.333333333333336,11.75
Pomurska,2006-03,9.0,36.0,15.0
Podravska,2006-03,7.0,49.0,44.0
Jugovzhodna Slovenija,2006-03,,17.0,
Zasavska,2006-03,8.285714285714286,46.666666666666664,18.5
Posavska,2006-04,22.0,23.0,
Jugovzhodna Slovenija,2006-04,,12.0,
Obalno-kraška,2006-04,,34.0,
Zasavska,2006-04,5.857142857142857,30.333333333333332,17.5
Pomurska,2006-04,6.0,24.0,15.0
Podravska,2006-04,4.0,33.0,33.0
Goriška,2006-04,2.0,24.0,20.0
Koroška,2006-04,4.0,,
Savinjska,2006-04,4.888888888888889,27.333333333333332,7.75
Osrednjeslovenska,2006-04,4.5,22.0,14.5
Podravska,2006-05,5.0,32.0,33.0
Goriška,2006-05,2.0,29.0,17.0
Posavska,2006-05,11.0,26.0,
Koroška,2006-05,3.0,,
Obalno-kraška,2006-05,,35.0,
Pomurska,2006-05,6.0,25.0,19.0
Zasavska,2006-05,7.857142857142857,31.666666666666668,15.5
Savinjska,2006-05,5.666666666666667,26.666666666666668,7.5
Osrednjeslovenska,2006-05,4.0,23.5,11.0
Jugovzhodna Slovenija,2006-05,,15.0,
Jugovzhodna Slovenija,2006-06,,19.0,
Pomurska,2006-06,8.0,29.0,9.0
Podravska,2006-06,6.0,39.0,37.0
Obalno-kraška,2006-06,,43.0,
Savinjska,2006-06,7.777777777777778,30.333333333333332,8.0
Zasavska,2006-06,9.142857142857142,37.0,15.0
Goriška,2006-06,2.0,36.0,19.0
Osrednjeslovenska,2006-06,3.0,27.0,11.0
Posavska,2006-06,20.0,29.0,
Koroška,2006-06,4.0,,
Posavska,2006-07,26.5,26.0,
Osrednjeslovenska,2006-07,3.0,29.0,11.0
Obalno-kraška,2006-07,,40.0,
Jugovzhodna Slovenija,2006-07,,18.0,
Zasavska,2006-07,8.142857142857142,34.333333333333336,16.5
Koroška,2006-07,4.0,,
Goriška,2006-07,2.0,32.0,15.0
Savinjska,2006-07,6.777777777777778,26.666666666666668,8.75
Podravska,2006-07,6.0,38.0,33.0
Pomurska,2006-07,9.0,29.0,9.0
Savinjska,2006-08,5.111111111111111,18.666666666666668,7.0
Osrednjeslovenska,2006-08,2.0,18.5,13.0
Zasavska,2006-08,5.285714285714286,23.0,15.0
Obalno-kraška,2006-08,,30.0,
Pomurska,2006-08,4.0,17.0,10.0
Podravska,2006-08,4.0,28.0,28.0
Goriška,2006-08,1.0,24.0,16.0
Koroška,2006-08,4.0,,
Posavska,2006-08,17.0,16.0,
Jugovzhodna Slovenija,2006-08,,10.0,
Goriška,2006-09,3.0,30.0,20.0
Savinjska,2006-09,6.777777777777778,31.0,9.75
Posavska,2006-09,2.5,29.0,
Koroška,2006-09,3.0,,
Pomurska,2006-09,7.0,32.0,11.0
Podravska,2006-09,3.0,43.0,38.0
Osrednjeslovenska,2006-09,4.5,29.5,15.0
Zasavska,2006-09,6.571428571428571,35.666666666666664,14.5
Jugovzhodna Slovenija,2006-09,,16.0,
Obalno-kraška,2006-09,,37.0,
Goriška,2006-10,3.0,37.0,25.0
Jugovzhodna Slovenija,2006-10,,16.0,
Savinjska,2006-10,7.111111111111111,34.666666666666664,8.0
Podravska,2006-10,5.0,52.0,37.0
Osrednjeslovenska,2006-10,3.5,33.5,16.0
Pomurska,2006-10,8.0,34.0,16.0
Obalno-kraška,2006-10,,31.0,
Posavska,2006-10,2.5,25.0,
Koroška,2006-10,5.0,,
Zasavska,2006-10,8.428571428571429,43.333333333333336,17.0
Obalno-kraška,2006-11,,33.0,
Zasavska,2006-11,9.285714285714286,40.0,17.5
Pomurska,2006-11,6.0,37.0,23.0
Osrednjeslovenska,2006-11,5.5,32.0,21.0
Jugovzhodna Slovenija,2006-11,,12.0,
Goriška,2006-11,6.0,45.0,33.0
Posavska,2006-11,3.5,25.0,
Koroška,2006-11,10.0,,
Savinjska,2006-11,7.777777777777778,36.333333333333336,9.25
Podravska,2006-11,6.0,49.0,44.0
Goriška,2006-12,5.0,41.0,31.0
Savinjska,2006-12,7.0,38.666666666666664,16.5
Posavska,2006-12,2.5,24.0,
Jugovzhodna Slovenija,2006-12,,13.0,
Zasavska,2006-12,10.857142857142858,45.666666666666664,17.5
Pomurska,2006-12,4.0,39.0,22.0
Osrednjeslovenska,2006-12,4.5,27.5,19.5
Obalno-kraška,2006-12,,31.0,
Podravska,2006-12,6.0,48.0,39.0
Koroška,2006-12,4.0,,
Posavska,2007-01,4.0,23.0,
Osrednjeslovenska,2007-01,7.5,27.0,21.5
Koroška,2007-01,7.0,,
Podravska,2007-01,5.0,45.0,46.0
Savinjska,2007-01,9.5,31.0,14.5
Zasavska,2007-01,7.857142857142857,42.0,20.0
Pomurska,2007-01,6.0,37.0,25.0
Obalno-kraška,2007-01,,36.0,
Jugovzhodna Slovenija,2007-01,,13.0,
Goriška,2007-01,8.0,43.0,32.0
Posavska,2007-02,4.0,24.0,
Savinjska,2007-02,9.625,34.5,14.0
Goriška,2007-02,5.0,35.5,29.0
Osrednjeslovenska,2007-02,6.5,29.5,23.5
Podravska,2007-02,4.0,47.0,44.0
Pomurska,2007-02,5.0,32.0,20.0
Jugovzhodna Slovenija,2007-02,,14.0,
Obalno-kraška,2007-02,,28.0,
Zasavska,2007-02,8.142857142857142,48.0,19.5
Koroška,2007-02,7.0,,
Savinjska,2007-03,7.75,37.0,10.5
Zasavska,2007-03,9.428571428571429,44.666666666666664,20.0
Posavska,2007-03,4.0,25.0,
Obalno-kraška,2007-03,,29.0,
Pomurska,2007-03,5.0,31.0,17.0
Osrednjeslovenska,2007-03,5.0,24.0,19.0
Goriška,2007-03,5.0,28.666666666666668,23.0
Podravska,2007-03,3.0,55.0,42.0
Koroška,2007-03,4.0,,
Jugovzhodna Slovenija,2007-03,,16.0,
Zasavska,2007-04,5.857142857142857,37.0,18.0
Jugovzhodna Slovenija,2007-04,,22.0,
Podravska,2007-04,3.0,42.0,36.0
Koroška,2007-04,4.0,,
Posavska,2007-04,6.0,30.0,
Savinjska,2007-04,7.75,37.5,6.75
Obalno-kraška,2007-04,,42.0,
Osrednjeslovenska,2007-04,3.0,30.0,14.5
Goriška,2007-04,8.0,31.333333333333332,20.0
Pomurska,2007-04,7.0,35.0,16.0
Savinjska,2007-05,6.375,26.5,5.75
Posavska,2007-05,4.0,22.0,
Zasavska,2007-05,4.428571428571429,25.0,13.0
Goriška,2007-05,8.0,20.666666666666668,19.0
Osrednjeslovenska,2007-05,2.0,20.5,11.0
Pomurska,2007-05,3.0,25.0,12.0
Jugovzhodna Slovenija,2007-05,,16.0,
Obalno-kraška,2007-05,,28.0,
Koroška,2007-05,4.0,,
Podravska,2007-05,2.0,31.0,33.0
Obalno-kraška,2007-06,,29.0,
Pomurska,2007-06,4.0,24.0,11.0
Savinjska,2007-06,7.875,28.0,6.75
Jugovzhodna Slovenija,2007-06,,17.0,
Posavska,2007-06,5.0,22.0,
Koroška,2007-06,4.0,,
Goriška,2007-06,5.0,21.666666666666668,19.0
Osrednjeslovenska,2007-06,2.5,21.0,10.0
Podravska,2007-06,2.0,30.0,30.0
Zasavska,2007-06,6.142857142857143,26.0,13.0
Zasavska,2007-07,6.714285714285714,26.0,15.5
Podravska,2007-07,2.0,31.0,31.0
Goriška,2007-07,7.0,20.666666666666668,19.0
Osrednjeslovenska,2007-07,2.5,21.5,10.0
Jugovzhodna Slovenija,2007-07,,14.0,
Obalno-kraška,2007-07,,25.0,
Pomurska,2007-07,4.0,25.0,13.0
Posavska,2007-07,6.0,19.0,
Koroška,2007-07,5.0,,
Savinjska,2007-07,9.5,28.5,8.75
Zasavska,2007-08,6.0,22.666666666666668,14.0
Posavska,2007-08,4.0,19.0,
Koroška,2007-08,3.0,,
Podravska,2007-08,3.0,28.0,29.0
Goriška,2007-08,6.0,18.333333333333332,18.0
Obalno-kraška,2007-08,,25.0,
Pomurska,2007-08,7.0,21.0,13.0
Osrednjeslovenska,2007-08,1.5,18.5,11.0
Jugovzhodna Slovenija,2007-08,,16.0,
Savinjska,2007-08,5.875,25.5,7.25
Osrednjeslovenska,2007-09,3.5,18.5,14.5
Obalno-kraška,2007-09,,20.0,
Podravska,2007-09,3.0,34.0,33.0
Goriška,2007-09,6.0,22.5,19.0
Koroška,2007-09,3.0,,
Jugovzhodna Slovenija,2007-09,,13.0,
Pomurska,2007-09,4.0,22.0,13.0
Posavska,2007-09,5.0,19.0,
Savinjska,2007-09,3.5,24.0,7.75
Zasavska,2007-09,6.142857142857143,22.0,13.5
Koroška,2007-10,2.0,,
Osrednjeslovenska,2007-10,4.0,27.5,17.5
Pomurska,2007-10,4.0,31.0,16.0
Jugovzhodna Slovenija,2007-10,,16.0,
Obalno-kraška,2007-10,,32.0,
Zasavska,2007-10,6.428571428571429,38.333333333333336,17.0
Goriška,2007-10,5.0,27.0,28.0
Posavska,2007-10,5.0,24.0,
Savinjska,2007-10,3.75,31.0,8.5
Podravska,2007-10,4.0,43.0,34.0
Zasavska,2007-11,9.0,51.333333333333336,21.0
Podravska,2007-11,4.0,46.0,44.0
Jugovzhodna Slovenija,2007-11,,12.0,
Goriška,2007-11,9.0,29.5,33.0
Osrednjeslovenska,2007-11,6.0,31.5,21.5
Obalno-kraška,2007-11,,19.0,
Koroška,2007-11,4.0,,
Pomurska,2007-11,6.0,32.0,22.0
Savinjska,2007-11,5.5,36.5,10.25
Posavska,2007-11,5.0,22.0,
Obalno-kraška,2007-12,,29.0,
Posavska,2007-12,8.0,39.0,
Savinjska,2007-12,8.125,49.5,16.25
Koroška,2007-12,10.0,,
Pomurska,2007-12,8.0,47.0,25.0
Goriška,2007-12,13.0,32.5,34.0
Osrednjeslovenska,2007-12,5.5,49.5,22.0
Podravska,2007-12,4.0,53.0,44.0
Jugovzhodna Slovenija,2007-12,,15.0,
Zasavska,2007-12,10.714285714285714,60.333333333333336,19.0
Koroška,2008-01,6.0,,
Goriška,2008-01,11.0,32.0,33.0
Posavska,2008-01,8.0,27.0,
Osrednjeslovenska,2008-01,5.0,54.0,23.0
Savinjska,2008-01,6.285714285714286,42.0,15.75
Zasavska,2008-01,11.0,57.333333333333336,23.5
Podravska,2008-01,5.0,50.0,42.0
Pomurska,2008-01,11.0,53.0,26.0
Jugovzhodna Slovenija,2008-01,,13.0,
Obalno-kraška,2008-01,,28.0,34.0
Obalno-kraška,2008-02,,41.0,39.0
Jugovzhodna Slovenija,2008-02,,17.0,
Pomurska,2008-02,8.0,43.0,24.0
Podravska,2008-02,3.0,50.5,48.0
Goriška,2008-02,10.0,60.666666666666664,41.0
Posavska,2008-02,7.0,33.0,
Koroška,2008-02,7.0,,
Osrednjeslovenska,2008-02,5.5,48.0,21.0
Zasavska,2008-02,11.428571428571429,55.333333333333336,22.0
Savinjska,2008-02,6.142857142857143,40.0,16.0
Savinjska,2008-03,5.142857142857143,21.5,10.0
Zasavska,2008-03,10.428571428571429,33.333333333333336,18.0
Osrednjeslovenska,2008-03,4.0,24.0,16.0
Koroška,2008-03,5.0,,
Posavska,2008-03,7.0,16.0,
Pomurska,2008-03,6.0,23.0,17.0
Podravska,2008-03,2.0,31.0,38.0
Goriška,2008-03,9.0,22.666666666666668,28.0
Jugovzhodna Slovenija,2008-03,,11.0,
Obalno-kraška,2008-03,,22.0,23.0
Obalno-kraška,2008-04,,18.0,20.0
Jugovzhodna Slovenija,2008-04,,13.0,
Goriška,2008-04,7.0,21.333333333333332,29.0
Posavska,2008-04,7.0,17.0,
Savinjska,2008-04,5.0,20.0,8.25
Zasavska,2008-04,6.571428571428571,26.0,16.0
Pomurska,2008-04,5.0,21.0,15.0
Podravska,2008-04,2.0,29.0,34.0
Koroška,2008-04,6.0,,
Osrednjeslovenska,2008-04,2.0,20.0,15.0
Podravska,2008-05,2.0,32.0,27.0
Koroška,2008-05,6.0,,
Pomurska,2008-05,7.0,24.0,11.0
Goriška,2008-05,7.0,23.666666666666668,24.0
Jugovzhodna Slovenija,2008-05,,17.0,
Obalno-kraška,2008-05,,24.0,16.0
Savinjska,2008-05,3.7142857142857144,25.0,6.5
Posavska,2008-05,9.0,24.0,
Zasavska,2008-05,2.857142857142857,26.666666666666668,13.0
Osrednjeslovenska,2008-05,1.5,24.5,11.5
Podravska,2008-06,1.0,29.0,28.0
Koroška,2008-06,3.0,,
Zasavska,2008-06,4.285714285714286,26.0,14.0
Posavska,2008-06,9.0,17.0,
Obalno-kraška,2008-06,,21.0,14.0
Pomurska,2008-06,8.0,22.0,10.0
Goriška,2008-06,9.0,21.0,24.0
Jugovzhodna Slovenija,2008-06,,15.0,
Osrednjeslovenska,2008-06,1.5,23.5,9.0
Savinjska,2008-06,3.142857142857143,19.5,6.0
Zasavska,2008-07,6.428571428571429,26.0,15.0
Jugovzhodna Slovenija,2008-07,,17.0,
Podravska,2008-07,1.0,27.0,26.0
Osrednjeslovenska,2008-07,1.0,21.0,11.5
Koroška,2008-07,3.0,,
Savinjska,2008-07,3.857142857142857,18.0,7.75
Goriška,2008-07,9.0,20.666666666666668,20.0
Obalno-kraška,2008-07,,0.0,14.0
Pomurska,2008-07,5.0,21.0,11.0
Posavska,2008-07,11.0,17.0,
Obalno-kraška,2008-08,,0.0,14.0
Goriška,2008-08,8.0,20.0,22.0
Osrednjeslovenska,2008-08,1.5,24.0,13.0
Koroška,2008-08,3.0,,
Savinjska,2008-08,4.142857142857143,19.0,6.25
Podravska,2008-08,1.0,26.0,25.0
Posavska,2008-08,3.0,16.0,
Zasavska,2008-08,6.285714285714286,26.0,14.5
Jugovzhodna Slovenija,2008-08,,17.0,
Pomurska,2008-08,4.0,19.0,10.0
Podravska,2008-09,1.0,30.0,28.0
Obalno-kraška,2008-09,,16.0,13.0
Koroška,2008-09,3.0,,
Osrednjeslovenska,2008-09,2.0,24.0,15.0
Posavska,2008-09,3.0,19.0,
Savinjska,2008-09,5.0,24.0,6.75
Pomurska,2008-09,4.0,25.0,10.0
Zasavska,2008-09,7.0,32.333333333333336,13.5
Jugovzhodna Slovenija,2008-09,,23.0,
Goriška,2008-09,8.0,19.0,25.0
Pomurska,2008-10,4.0,36.0,15.0
Jugovzhodna Slovenija,2008-10,,22.0,
Zasavska,2008-10,8.142857142857142,49.0,19.0
Goriška,2008-10,9.0,28.333333333333332,35.0
Podravska,2008-10,2.0,38.5,34.0
Posavska,2008-10,3.0,23.0,
Savinjska,2008-10,4.0,29.5,6.5
Obalno-kraška,2008-10,,31.0,19.0
Osrednjeslovenska,2008-10,2.0,37.0,21.5
Koroška,2008-10,4.0,,
Obalno-kraška,2008-11,,24.0,23.0
Podravska,2008-11,3.0,36.0,35.0
Savinjska,2008-11,4.0,28.0,6.5
Osrednjeslovenska,2008-11,4.0,37.0,24.5
Koroška,2008-11,3.0,,
Posavska,2008-11,2.0,18.0,
Jugovzhodna Slovenija,2008-11,,15.0,
Goriška,2008-11,0.0,25.666666666666668,37.0
Pomurska,2008-11,6.0,35.0,23.0
Zasavska,2008-11,6.571428571428571,49.333333333333336,23.0
Zasavska,2008-12,5.857142857142857,33.333333333333336,18.5
Podravska,2008-12,2.0,31.5,38.0
Jugovzhodna Slovenija,2008-12,,14.0,
Goriška,2008-12,6.0,23.0,39.0
Osrednjeslovenska,2008-12,1.0,27.0,21.5
Posavska,2008-12,3.0,16.0,
Savinjska,2008-12,4.142857142857143,25.0,13.5
Pomurska,2008-12,8.0,32.0,22.0
Koroška,2008-12,3.0,,
Obalno-kraška,2008-12,,21.0,24.0
Obalno-kraška,2009-01,,25.0,23.0
Osrednjeslovenska,2009-01,10.0,57.0,43.0
Jugovzhodna Slovenija,2009-01,,32.0,
Zasavska,2009-01,10.571428571428571,63.333333333333336,20.5
Goriška,2009-01,8.0,29.333333333333332,42.0
Pomurska,2009-01,,56.0,25.0
Savinjska,2009-01,4.857142857142857,55.0,16.333333333333332
Koroška,2009-01,5.0,,
Posavska,2009-01,9.0,41.0,11.0
Podravska,2009-01,13.0,61.5,46.0
Osrednjeslovenska,2009-02,6.5,48.75,43.666666666666664
Savinjska,2009-02,3.857142857142857,31.5,15.666666666666666
Pomurska,2009-02,,29.0,17.0
Goriška,2009-02,4.0,34.0,43.0
Podravska,2009-02,11.0,34.5,42.0
Jugovzhodna Slovenija,2009-02,,16.0,
Koroška,2009-02,5.0,,
Obalno-kraška,2009-02,,26.0,26.0
Zasavska,2009-02,6.428571428571429,44.333333333333336,14.5
Posavska,2009-02,7.5,22.0,3.0
Osrednjeslovenska,2009-03,4.5,27.75,34.0
Savinjska,2009-03,3.2857142857142856,24.5,14.0
Obalno-kraška,2009-03,,27.0,19.0
Koroška,2009-03,4.0,,
Posavska,2009-03,10.0,22.0,7.0
Zasavska,2009-03,6.142857142857143,36.0,16.0
Jugovzhodna Slovenija,2009-03,,13.0,
Podravska,2009-03,4.0,29.5,38.0
Goriška,2009-03,4.0,26.333333333333332,31.0
Pomurska,2009-03,,23.0,14.0
Savinjska,2009-04,3.2857142857142856,28.5,12.0
Obalno-kraška,2009-04,,25.0,16.0
Podravska,2009-04,4.0,33.5,31.0
Goriška,2009-04,5.0,23.0,21.0
Pomurska,2009-04,,32.0,13.0
Osrednjeslovenska,2009-04,5.0,30.5,32.0
Koroška,2009-04,4.0,,
Jugovzhodna Slovenija,2009-04,,20.0,
Posavska,2009-04,5.0,24.0,6.0
Zasavska,2009-04,5.714285714285714,32.666666666666664,16.5
Jugovzhodna Slovenija,2009-05,,16.0,
Podravska,2009-05,3.0,26.5,24.0
Obalno-kraška,2009-05,,27.0,14.0
Posavska,2009-05,6.5,22.0,5.0
Zasavska,2009-05,3.3333333333333335,28.333333333333332,11.5
Osrednjeslovenska,2009-05,4.5,31.5,23.0
Koroška,2009-05,3.0,,
Savinjska,2009-05,3.142857142857143,24.0,8.333333333333334
Pomurska,2009-05,,22.0,9.0
Goriška,2009-05,6.0,23.666666666666668,16.0
Jugovzhodna Slovenija,2009-06,,11.0,
Koroška,2009-06,4.0,,
Osrednjeslovenska,2009-06,3.5,21.0,25.0
Pomurska,2009-06,,18.0,9.0
Goriška,2009-06,2.0,15.0,17.0
Zasavska,2009-06,5.166666666666667,21.666666666666668,10.5
Obalno-kraška,2009-06,,18.0,13.0
Posavska,2009-06,6.5,12.0,6.0
Podravska,2009-06,2.0,19.5,31.0
Savinjska,2009-06,3.5714285714285716,14.5,6.0
Obalno-kraška,2009-07,,21.0,17.0
Podravska,2009-07,3.0,20.5,25.0
Koroška,2009-07,3.0,,
Savinjska,2009-07,5.571428571428571,18.5,6.333333333333333
Goriška,2009-07,1.0,16.666666666666668,19.0
Jugovzhodna Slovenija,2009-07,,14.0,
Pomurska,2009-07,,21.0,9.0
Osrednjeslovenska,2009-07,4.0,23.0,21.666666666666668
Zasavska,2009-07,4.666666666666667,22.0,9.0
Posavska,2009-07,6.0,15.0,7.0
Pomurska,2009-08,,22.0,9.0
Koroška,2009-08,1.0,,
Osrednjeslovenska,2009-08,4.0,25.25,22.0
Podravska,2009-08,2.0,22.0,23.0
Savinjska,2009-08,3.0,20.0,6.666666666666667
Zasavska,2009-08,4.666666666666667,25.333333333333332,9.0
Jugovzhodna Slovenija,2009-08,,12.0,
Goriška,2009-08,6.0,17.333333333333332,21.0
Obalno-kraška,2009-08,,21.0,15.0
Posavska,2009-08,7.0,20.0,6.0
Jugovzhodna Slovenija,2009-09,,17.0,
Osrednjeslovenska,2009-09,4.0,30.5,28.0
Koroška,2009-09,1.0,,
Pomurska,2009-09,,28.0,11.0
Goriška,2009-09,3.0,23.333333333333332,25.0
Podravska,2009-09,2.0,30.0,29.0
Savinjska,2009-09,4.428571428571429,27.0,9.0
Obalno-kraška,2009-09,,27.0,17.0
Posavska,2009-09,10.0,27.0,5.0
Zasavska,2009-09,5.833333333333333,29.333333333333332,9.0
Koroška,2009-10,2.0,,
Obalno-kraška,2009-10,,22.0,15.0
Savinjska,2009-10,4.428571428571429,24.5,12.666666666666666
Posavska,2009-10,8.5,21.0,4.0
Pomurska,2009-10,,26.0,15.0
Zasavska,2009-10,5.166666666666667,29.666666666666668,11.0
Osrednjeslovenska,2009-10,3.0,26.0,27.666666666666668
Goriška,2009-10,5.0,18.666666666666668,28.0
Podravska,2009-10,4.0,25.5,32.0
Jugovzhodna Slovenija,2009-10,,13.0,
Obalno-kraška,2009-11,,24.0,24.0
Savinjska,2009-11,6.142857142857143,29.0,14.333333333333334
Jugovzhodna Slovenija,2009-11,,11.0,
Goriška,2009-11,2.0,32.666666666666664,34.0
Posavska,2009-11,10.0,22.0,8.0
Koroška,2009-11,1.0,,
Pomurska,2009-11,,33.0,19.0
Podravska,2009-11,9.0,32.0,36.0
Zasavska,2009-11,6.5,32.333333333333336,13.0
Osrednjeslovenska,2009-11,2.0,30.75,30.666666666666668
Zasavska,2009-12,7.333333333333333,36.0,13.0
Koroška,2009-12,,,
Pomurska,2009-12,,38.0,22.0
Jugovzhodna Slovenija,2009-12,,12.0,
Obalno-kraška,2009-12,,23.0,26.0
Goriška,2009-12,5.0,22.666666666666668,35.0
Osrednjeslovenska,2009-12,4.0,32.75,34.666666666666664
Podravska,2009-12,8.0,30.0,34.0
Savinjska,2009-12,6.428571428571429,29.0,19.666666666666668
Posavska,2009-12,12.0,18.0,11.0
Savinjska,2010-01,6.0,65.5,21.0
Podravska,2010-01,,52.0,43.0
Pomurska,2010-01,,57.0,
Goriška,2010-01,,29.333333333333332,37.0
Jugovzhodna Slovenija,2010-01,3.9,40.5,3.6
Gorenjska,2010-01,,60.0,
Obalno-kraška,2010-01,,32.0,26.0
Posavska,2010-01,8.5,63.0,4.0
Osrednjeslovenska,2010-01,5.333333333333333,96.75,47.666666666666664
Koroška,2010-01,2.0,64.0,
Zasavska,2010-01,10.142857142857142,61.25,18.0
Savinjska,2010-02,6.285714285714286,60.0,20.333333333333332
Obalno-kraška,2010-02,,29.0,26.0
Posavska,2010-02,12.0,71.0,3.0
Jugovzhodna Slovenija,2010-02,2.5,34.5,2.7
Gorenjska,2010-02,,53.0,
Koroška,2010-02,2.0,44.0,
Osrednjeslovenska,2010-02,5.333333333333333,66.75,56.0
Podravska,2010-02,,47.5,49.0
Zasavska,2010-02,9.428571428571429,53.25,19.25
Pomurska,2010-02,,55.0,
Goriška,2010-02,,29.0,40.0
Gorenjska,2010-03,,32.0,
Jugovzhodna Slovenija,2010-03,1.0,25.0,1.9
Obalno-kraška,2010-03,,38.0,25.0
Koroška,2010-03,3.0,25.0,
Osrednjeslovenska,2010-03,4.333333333333333,40.25,38.0
Podravska,2010-03,,31.5,38.0
Goriška,2010-03,,34.333333333333336,32.0
Pomurska,2010-03,,31.0,
Zasavska,2010-03,7.571428571428571,41.75,19.75
Posavska,2010-03,12.0,43.0,3.0
Savinjska,2010-03,4.428571428571429,40.0,13.333333333333334
Savinjska,2010-04,4.142857142857143,34.5,9.666666666666666
Obalno-kraška,2010-04,,22.0,18.0
Zasavska,2010-04,6.428571428571429,31.75,20.75
Posavska,2010-04,9.5,41.0,2.0
Goriška,2010-04,,20.666666666666668,25.0
Osrednjeslovenska,2010-04,3.6666666666666665,34.25,34.0
Jugovzhodna Slovenija,2010-04,0.6,18.5,1.5
Pomurska,2010-04,,21.0,
Podravska,2010-04,,30.0,29.0
Koroška,2010-04,1.0,19.0,
Gorenjska,2010-04,,31.0,
Gorenjska,2010-05,,17.0,
Osrednjeslovenska,2010-05,2.6666666666666665,23.25,26.333333333333332
Obalno-kraška,2010-05,,18.0,13.0
Zasavska,2010-05,5.428571428571429,23.0,11.5
Goriška,2010-05,,16.0,24.0
Pomurska,2010-05,,16.0,
Jugovzhodna Slovenija,2010-05,0.6,13.5,1.2
Posavska,2010-05,13.0,68.0,1.0
Podravska,2010-05,,22.0,27.0
Koroška,2010-05,3.0,15.0,
Savinjska,2010-05,4.714285714285714,25.5,6.666666666666667
Koroška,2010-06,1.0,17.0,
Podravska,2010-06,,22.5,26.0
Goriška,2010-06,,15.5,21.0
Osrednjeslovenska,2010-06,3.0,28.5,24.333333333333332
Jugovzhodna Slovenija,2010-06,1.3,14.5,1.3
Pomurska,2010-06,,20.0,
Gorenjska,2010-06,,18.0,
Zasavska,2010-06,4.142857142857143,28.25,8.75
Obalno-kraška,2010-06,,21.0,16.0
Posavska,2010-06,9.5,31.0,2.0
Savinjska,2010-06,4.857142857142857,39.0,8.0
Pomurska,2010-07,,21.0,
Osrednjeslovenska,2010-07,2.3333333333333335,35.5,23.666666666666668
Jugovzhodna Slovenija,2010-07,0.8,17.5,1.4
Zasavska,2010-07,4.285714285714286,31.0,7.75
Gorenjska,2010-07,,21.0,
Savinjska,2010-07,4.428571428571429,30.0,8.333333333333334
Obalno-kraška,2010-07,,25.0,18.0
Posavska,2010-07,8.5,35.0,1.0
Koroška,2010-07,1.0,19.0,
Podravska,2010-07,,26.5,27.0
Goriška,2010-07,,19.333333333333332,22.0
Pomurska,2010-08,,17.0,
Posavska,2010-08,12.5,28.0,1.0
Jugovzhodna Slovenija,2010-08,1.1,14.5,1.4
Koroška,2010-08,1.0,14.0,
Obalno-kraška,2010-08,,20.0,19.0
Zasavska,2010-08,6.0,23.75,9.0
Gorenjska,2010-08,,14.0,
Savinjska,2010-08,6.142857142857143,25.5,7.0
Osrednjeslovenska,2010-08,2.6666666666666665,28.0,23.333333333333332
Goriška,2010-08,,16.333333333333332,19.0
Podravska,2010-08,,21.5,27.0
Pomurska,2010-09,,18.0,
Osrednjeslovenska,2010-09,2.3333333333333335,31.0,25.333333333333332
Goriška,2010-09,,12.333333333333334,23.0
Zasavska,2010-09,7.714285714285714,25.75,11.0
Obalno-kraška,2010-09,,20.0,22.0
Jugovzhodna Slovenija,2010-09,0.9,14.5,1.3
Koroška,2010-09,1.0,13.0,
Gorenjska,2010-09,,18.0,
Posavska,2010-09,10.0,39.0,3.0
Podravska,2010-09,,22.5,29.0
Savinjska,2010-09,3.4285714285714284,33.0,10.666666666666666
Obalno-kraška,2010-10,,29.0,20.0
Gorenjska,2010-10,,30.0,
Jugovzhodna Slovenija,2010-10,0.9,26.0,1.5
Osrednjeslovenska,2010-10,2.6666666666666665,39.5,29.0
Goriška,2010-10,,19.666666666666668,27.0
Posavska,2010-10,9.5,44.0,4.0
Podravska,2010-10,,35.5,33.0
Koroška,2010-10,1.0,26.0,
Pomurska,2010-10,,32.0,
Savinjska,2010-10,3.857142857142857,44.0,17.0
Zasavska,2010-10,5.714285714285714,40.0,13.75
Jugovzhodna Slovenija,2010-11,0.6,21.5,3.1
Posavska,2010-11,8.5,40.0,3.0
Pomurska,2010-11,,32.0,
Koroška,2010-11,1.0,31.0,
Savinjska,2010-11,4.428571428571429,35.0,14.333333333333334
Podravska,2010-11,,27.0,36.0
Gorenjska,2010-11,,27.0,
Zasavska,2010-11,5.142857142857143,36.75,17.0
Obalno-kraška,2010-11,,24.0,26.0
Osrednjeslovenska,2010-11,2.3333333333333335,35.5,30.666666666666668
Goriška,2010-11,,25.333333333333332,34.0
Goriška,2010-12,,28.0,43.0
Zasavska,2010-12,7.285714285714286,63.25,21.5
Savinjska,2010-12,5.142857142857143,72.0,20.333333333333332
Jugovzhodna Slovenija,2010-12,,36.0,
Pomurska,2010-12,,41.0,
Posavska,2010-12,11.0,70.0,3.0
Obalno-kraška,2010-12,,22.0,28.0
Osrednjeslovenska,2010-12,3.3333333333333335,67.5,48.333333333333336
Koroška,2010-12,3.0,27.0,
Gorenjska,2010-12,,44.0,
Podravska,2010-12,,35.5,47.0
Koroška,2011-01,5.0,64.0,
Gorenjska,2011-01,,43.0,
Pomurska,2011-01,,50.0,20.0
Zasavska,2011-01,6.628571428571428,44.75,15.333333333333334
Obalno-kraška,2011-01,,35.0,32.0
Posavska,2011-01,4.15,25.0,7.0
Goriška,2011-01,,32.0,35.0
Jugovzhodna Slovenija,2011-01,1.7,33.5,
Podravska,2011-01,3.7,43.0,31.5
Savinjska,2011-01,4.828571428571428,42.5,18.0
Osrednjeslovenska,2011-01,4.5,42.5,37.0
Podravska,2011-02,4.7,55.0,30.0
Koroška,2011-02,4.8,63.0,
Osrednjeslovenska,2011-02,5.566666666666666,53.5,36.333333333333336
Savinjska,2011-02,6.171428571428572,55.0,20.333333333333332
Goriška,2011-02,,38.0,39.0
Gorenjska,2011-02,,55.0,
Jugovzhodna Slovenija,2011-02,2.7,42.5,
Zasavska,2011-02,9.614285714285714,60.5,17.333333333333332
Posavska,2011-02,6.45,44.0,12.0
Obalno-kraška,2011-02,,44.0,35.0
Pomurska,2011-02,,67.0,22.0
Podravska,2011-03,4.4,40.0,31.0
Koroška,2011-03,5.3,45.0,
Posavska,2011-03,6.3,32.0,9.0
Obalno-kraška,2011-03,,33.0,25.0
Goriška,2011-03,,33.0,31.0
Savinjska,2011-03,5.285714285714286,39.5,18.333333333333332
Osrednjeslovenska,2011-03,5.0,37.75,34.0
Jugovzhodna Slovenija,2011-03,2.4,29.5,2.6
Gorenjska,2011-03,,39.0,
Pomurska,2011-03,,48.0,19.0
Zasavska,2011-03,7.471428571428571,44.25,14.333333333333334
Koroška,2011-04,0.7,30.0,
Posavska,2011-04,3.4,24.0,6.0
Pomurska,2011-04,,24.0,14.0
Goriška,2011-04,,21.0,27.0
Obalno-kraška,2011-04,,24.0,24.0
Savinjska,2011-04,3.3000000000000003,25.5,13.0
Jugovzhodna Slovenija,2011-04,0.6,18.5,2.6
Podravska,2011-04,2.0,24.0,24.5
Osrednjeslovenska,2011-04,3.0,29.25,30.0
Zasavska,2011-04,6.1000000000000005,28.75,9.666666666666666
Gorenjska,2011-04,,24.0,
Gorenjska,2011-05,,19.0,
Savinjska,2011-05,3.6142857142857143,18.0,10.0
Goriška,2011-05,,18.0,20.0
Posavska,2011-05,2.8000000000000003,19.0,5.0
Osrednjeslovenska,2011-05,2.9,27.5,27.0
Obalno-kraška,2011-05,,23.0,16.0
Pomurska,2011-05,,21.0,12.0
Jugovzhodna Slovenija,2011-05,0.6,19.5,2.1
Koroška,2011-05,1.8,23.0,
Zasavska,2011-05,5.914285714285714,25.0,9.666666666666666
Podravska,2011-05,2.3,23.0,19.0
Osrednjeslovenska,2011-06,2.066666666666667,22.0,25.0
Pomurska,2011-06,,15.0,8.0
Goriška,2011-06,,14.666666666666666,19.0
Obalno-kraška,2011-06,,18.0,14.0
Posavska,2011-06,2.75,14.0,6.0
Jugovzhodna Slovenija,2011-06,0.5,15.0,1.2
Podravska,2011-06,1.2,20.5,16.0
Zasavska,2011-06,5.985714285714286,20.5,10.666666666666666
Koroška,2011-06,0.8,19.0,
Savinjska,2011-06,3.685714285714286,14.0,9.0
Gorenjska,2011-06,,15.0,
Podravska,2011-07,1.6,17.5,16.0
Jugovzhodna Slovenija,2011-07,0.6,13.5,1.4
Osrednjeslovenska,2011-07,3.3333333333333335,21.5,21.666666666666668
Pomurska,2011-07,,14.0,10.0
Posavska,2011-07,3.15,14.0,5.0
Goriška,2011-07,,13.0,16.0
Obalno-kraška,2011-07,,18.0,13.0
Zasavska,2011-07,6.3999999999999995,19.0,8.666666666666666
Gorenjska,2011-07,,16.0,
Savinjska,2011-07,4.414285714285715,13.5,8.666666666666666
Koroška,2011-07,1.0,16.0,
Podravska,2011-08,2.3,20.5,15.5
Zasavska,2011-08,7.2,23.5,6.666666666666667
Koroška,2011-08,2.2,17.0,
Jugovzhodna Slovenija,2011-08,0.6,15.5,1.0
Pomurska,2011-08,,18.0,12.0
Obalno-kraška,2011-08,,23.0,16.0
Osrednjeslovenska,2011-08,1.8999999999999997,20.0,24.666666666666668
Goriška,2011-08,,16.666666666666668,19.0
Posavska,2011-08,2.95,16.0,3.0
Savinjska,2011-08,5.457142857142857,17.0,9.0
Gorenjska,2011-08,,19.0,
Gorenjska,2011-09,,21.0,
Koroška,2011-09,1.1,18.0,
Podravska,2011-09,3.3,21.0,17.0
Jugovzhodna Slovenija,2011-09,0.6,18.0,1.5
Obalno-kraška,2011-09,,23.0,16.0
Osrednjeslovenska,2011-09,2.8666666666666667,24.5,30.333333333333332
Pomurska,2011-09,,20.0,12.0
Zasavska,2011-09,8.27142857142857,24.25,7.333333333333333
Savinjska,2011-09,5.328571428571428,19.0,12.666666666666666
Posavska,2011-09,3.85,17.0,6.0
Goriška,2011-09,,18.333333333333332,28.0
Posavska,2011-10,3.85,17.0,8.0
Zasavska,2011-10,6.8428571428571425,29.75,10.0
Koroška,2011-10,0.8,26.0,
Gorenjska,2011-10,,24.0,
Savinjska,2011-10,3.685714285714286,25.5,12.333333333333334
Goriška,2011-10,,16.333333333333332,28.0
Pomurska,2011-10,,29.0,17.0
Osrednjeslovenska,2011-10,2.5,26.25,31.333333333333332
Obalno-kraška,2011-10,,18.0,16.0
Jugovzhodna Slovenija,2011-10,0.4,20.0,1.9
Podravska,2011-10,3.2,25.0,20.5
Obalno-kraška,2011-11,,35.0,25.0
Gorenjska,2011-11,,50.0,
Zasavska,2011-11,11.157142857142857,52.75,12.333333333333334
Koroška,2011-11,1.3,49.0,
Podravska,2011-11,4.4,48.0,30.0
Jugovzhodna Slovenija,2011-11,1.5,40.5,4.0
Savinjska,2011-11,4.814285714285715,47.5,18.0
Osrednjeslovenska,2011-11,4.1000000000000005,48.25,38.0
Pomurska,2011-11,,55.0,22.0
Goriška,2011-11,,33.0,36.0
Posavska,2011-11,5.05,27.0,18.0
Podravska,2011-12,2.7,30.0,26.0
Obalno-kraška,2011-12,,27.0,28.0
Osrednjeslovenska,2011-12,2.6,38.0,37.333333333333336
Goriška,2011-12,,30.333333333333332,36.0
Pomurska,2011-12,,42.0,20.0
Posavska,2011-12,4.65,16.0,15.0
Savinjska,2011-12,5.6000000000000005,31.0,18.333333333333332
Jugovzhodna Slovenija,2011-12,0.2,24.0,3.4
Gorenjska,2011-12,,40.0,
Zasavska,2011-12,7.028571428571429,35.0,10.0
Koroška,2011-12,3.2,53.0,
Gorenjska,2012-01,,35.0,
Podravska,2012-01,7.0,32.0,25.5
Jugovzhodna Slovenija,2012-01,5.0,29.5,3.0
Osrednjeslovenska,2012-01,3.0,37.5,35.666666666666664
Savinjska,2012-01,5.857142857142857,34.5,18.0
Obalno-kraška,2012-01,,29.0,27.0
Zasavska,2012-01,7.25,36.6,12.75
Koroška,2012-01,4.0,55.0,
Posavska,2012-01,5.5,13.0,11.0
Goriška,2012-01,,32.0,35.0
Pomurska,2012-01,,38.0,19.0
Koroška,2012-02,5.0,61.0,
Jugovzhodna Slovenija,2012-02,10.0,39.0,4.0
Gorenjska,2012-02,,45.0,
Osrednjeslovenska,2012-02,7.666666666666667,43.0,32.333333333333336
Podravska,2012-02,7.0,41.0,30.0
Zasavska,2012-02,11.0,43.8,12.0
Pomurska,2012-02,,55.0,24.0
Posavska,2012-02,7.5,21.0,12.0
Savinjska,2012-02,6.428571428571429,46.5,19.333333333333332
Obalno-kraška,2012-02,,34.0,22.0
Goriška,2012-02,,31.333333333333332,25.0
Zasavska,2012-03,8.5,41.2,15.8
Osrednjeslovenska,2012-03,6.666666666666667,37.25,32.0
Obalno-kraška,2012-03,,32.0,25.0
Savinjska,2012-03,6.142857142857143,34.5,17.333333333333332
Pomurska,2012-03,,33.0,19.0
Koroška,2012-03,2.0,37.0,
Gorenjska,2012-03,,32.0,
Jugovzhodna Slovenija,2012-03,8.0,26.0,2.0
Posavska,2012-03,6.0,31.0,8.0
Goriška,2012-03,,30.333333333333332,29.0
Podravska,2012-03,4.0,33.0,31.0
Gorenjska,2012-04,,15.0,
Zasavska,2012-04,5.25,17.8,9.8
Posavska,2012-04,3.0,16.0,4.0
Pomurska,2012-04,,19.0,17.0
Obalno-kraška,2012-04,,20.0,13.0
Goriška,2012-04,,14.333333333333334,19.0
Savinjska,2012-04,6.142857142857143,18.5,10.333333333333334
Koroška,2012-04,2.0,22.0,
Podravska,2012-04,4.0,21.0,25.5
Jugovzhodna Slovenija,2012-04,6.0,15.0,1.0
Osrednjeslovenska,2012-04,5.0,23.75,24.333333333333332
Savinjska,2012-05,4.857142857142857,18.0,10.0
Obalno-kraška,2012-05,,17.0,15.0
Posavska,2012-05,3.5,16.0,4.0
Goriška,2012-05,,14.333333333333334,19.0
Gorenjska,2012-05,,16.0,
Koroška,2012-05,0.0,18.0,
Podravska,2012-05,4.0,19.5,18.0
Pomurska,2012-05,,18.0,15.0
Osrednjeslovenska,2012-05,4.0,21.25,24.0
Jugovzhodna Slovenija,2012-05,6.0,14.5,1.0
Zasavska,2012-05,4.875,18.4,8.0
Osrednjeslovenska,2012-06,3.0,23.75,22.333333333333332
Obalno-kraška,2012-06,,20.0,13.0
Savinjska,2012-06,5.714285714285714,19.5,10.0
Pomurska,2012-06,,18.0,12.0
Zasavska,2012-06,5.5,20.0,9.75
Gorenjska,2012-06,,17.0,
Koroška,2012-06,1.0,19.0,
Jugovzhodna Slovenija,2012-06,6.0,17.0,1.0
Podravska,2012-06,2.0,20.5,18.5
Goriška,2012-06,,17.0,21.0
Posavska,2012-06,2.5,23.0,5.0
Gorenjska,2012-07,,17.0,
Podravska,2012-07,6.0,20.5,15.0
Jugovzhodna Slovenija,2012-07,9.0,15.5,2.0
Koroška,2012-07,2.0,20.0,
Zasavska,2012-07,7.125,20.0,8.25
Osrednjeslovenska,2012-07,5.333333333333333,25.75,21.666666666666668
Pomurska,2012-07,,16.0,14.0
Posavska,2012-07,3.5,23.0,5.0
Savinjska,2012-07,5.714285714285714,19.5,9.0
Goriška,2012-07,,16.666666666666668,18.0
Obalno-kraška,2012-07,,21.0,14.0
Podravska,2012-08,2.0,21.0,18.0
Obalno-kraška,2012-08,,21.0,15.0
Pomurska,2012-08,,18.0,17.0
Savinjska,2012-08,5.428571428571429,20.0,12.333333333333334
Jugovzhodna Slovenija,2012-08,5.0,15.0,2.0
Osrednjeslovenska,2012-08,4.0,27.0,25.333333333333332
Koroška,2012-08,4.0,19.0,
Posavska,2012-08,3.0,21.0,6.0
Goriška,2012-08,,17.0,22.0
Gorenjska,2012-08,,19.0,
Zasavska,2012-08,5.0,19.4,9.0
Posavska,2012-09,2.5,20.0,6.0
Obalno-kraška,2012-09,,19.0,12.0
Goriška,2012-09,,17.666666666666668,24.0
Savinjska,2012-09,5.571428571428571,21.5,11.333333333333334
Gorenjska,2012-09,,19.0,
Osrednjeslovenska,2012-09,2.6666666666666665,25.0,26.0
Podravska,2012-09,2.0,25.5,18.0
Jugovzhodna Slovenija,2012-09,3.0,16.5,1.0
Zasavska,2012-09,5.75,20.0,9.0
Koroška,2012-09,2.0,20.0,
Pomurska,2012-09,,19.0,19.0
Posavska,2012-10,3.5,21.0,7.0
Obalno-kraška,2012-10,,23.0,12.0
Savinjska,2012-10,5.0,23.0,14.666666666666666
Pomurska,2012-10,,25.0,20.0
Goriška,2012-10,,20.333333333333332,25.0
Osrednjeslovenska,2012-10,3.0,26.25,25.333333333333332
Koroška,2012-10,1.0,23.0,
Gorenjska,2012-10,,24.0,
Podravska,2012-10,5.0,27.5,22.0
Jugovzhodna Slovenija,2012-10,3.0,22.0,2.0
Zasavska,2012-10,5.625,22.2,12.6
Jugovzhodna Slovenija,2012-11,5.0,26.0,2.0
Osrednjeslovenska,2012-11,3.0,29.25,28.0
Pomurska,2012-11,,37.0,20.0
Obalno-kraška,2012-11,,23.0,20.0
Zasavska,2012-11,4.5,28.6,14.4
Koroška,2012-11,2.0,30.0,
Gorenjska,2012-11,,29.0,
Podravska,2012-11,5.0,29.5,26.0
Savinjska,2012-11,5.142857142857143,31.0,16.0
Posavska,2012-11,4.5,22.0,9.0
Goriška,2012-11,,24.0,30.0
Posavska,2012-12,4.0,19.0,14.0
Obalno-kraška,2012-12,,25.0,33.0
Pomurska,2012-12,,48.0,26.0
Savinjska,2012-12,5.285714285714286,32.5,20.0
Goriška,2012-12,,27.333333333333332,41.0
Gorenjska,2012-12,,41.0,
Koroška,2012-12,2.0,37.0,
Podravska,2012-12,2.0,28.5,30.5
Jugovzhodna Slovenija,2012-12,2.0,26.0,3.0
Zasavska,2012-12,4.25,35.6,18.0
Osrednjeslovenska,2012-12,2.3333333333333335,37.0,40.0
Goriška,2013-01,,32.0,38.0
Pomurska,2013-01,,54.0,28.0
Posavska,2013-01,5.0,29.0,
Obalno-kraška,2013-01,,28.0,34.0
Gorenjska,2013-01,,40.0,
Koroška,2013-01,2.0,49.0,
Osrednjeslovenska,2013-01,3.6666666666666665,35.5,34.666666666666664
Savinjska,2013-01,7.444444444444445,30.6,24.0
Jugovzhodna Slovenija,2013-01,,30.5,
Podravska,2013-01,,42.0,41.5
Zasavska,2013-01,6.5,28.0,18.0
Gorenjska,2013-02,,39.0,
Savinjska,2013-02,5.666666666666667,32.0,23.8
Posavska,2013-02,5.0,22.0,
Obalno-kraška,2013-02,,19.0,22.0
Koroška,2013-02,3.0,55.0,
Jugovzhodna Slovenija,2013-02,,34.5,
Osrednjeslovenska,2013-02,3.0,35.75,37.666666666666664
Goriška,2013-02,,25.0,33.0
Pomurska,2013-02,,44.0,28.0
Zasavska,2013-02,7.625,30.0,15.4
Podravska,2013-02,,34.0,25.5
Osrednjeslovenska,2013-03,4.0,30.5,33.333333333333336
Obalno-kraška,2013-03,,20.0,22.0
Posavska,2013-03,5.0,,
Savinjska,2013-03,3.888888888888889,26.0,18.2
Pomurska,2013-03,,32.0,19.0
Goriška,2013-03,,20.0,31.0
Zasavska,2013-03,7.125,22.571428571428573,13.4
Podravska,2013-03,,28.0,27.0
Jugovzhodna Slovenija,2013-03,,23.5,
Koroška,2013-03,2.0,27.0,
Gorenjska,2013-03,,27.0,
Gorenjska,2013-04,,21.0,
Koroška,2013-04,3.0,23.0,
Goriška,2013-04,,21.0,24.0
Zasavska,2013-04,5.375,21.714285714285715,12.2
Savinjska,2013-04,3.6666666666666665,22.4,11.8
Obalno-kraška,2013-04,,22.0,21.0
Osrednjeslovenska,2013-04,3.3333333333333335,25.75,26.333333333333332
Pomurska,2013-04,,27.0,16.0
Jugovzhodna Slovenija,2013-04,,20.0,
Posavska,2013-04,4.0,25.0,
Podravska,2013-04,,27.0,21.0
Zasavska,2013-05,4.875,15.857142857142858,10.0
Posavska,2013-05,4.0,17.0,
Goriška,2013-05,,15.0,18.0
Obalno-kraška,2013-05,,15.0,12.0
Podravska,2013-05,,16.5,16.0
Pomurska,2013-05,,15.0,11.0
Koroška,2013-05,5.0,15.0,
Savinjska,2013-05,3.0,13.4,7.8
Jugovzhodna Slovenija,2013-05,,13.0,
Osrednjeslovenska,2013-05,2.0,19.75,22.0
Gorenjska,2013-05,,13.0,
Koroška,2013-06,1.0,15.0,
Zasavska,2013-06,4.0,14.428571428571429,12.2
Savinjska,2013-06,3.4444444444444446,13.4,6.8
Gorenjska,2013-06,,14.0,
Jugovzhodna Slovenija,2013-06,,12.0,
Goriška,2013-06,,16.0,17.0
Pomurska,2013-06,,16.0,12.0
Posavska,2013-06,4.0,19.0,
Obalno-kraška,2013-06,,15.0,14.0
Podravska,2013-06,,18.0,17.0
Osrednjeslovenska,2013-06,3.6666666666666665,20.5,20.0
Zasavska,2013-07,6.375,18.285714285714285,12.6
Pomurska,2013-07,,19.0,11.0
Posavska,2013-07,5.0,24.0,
Koroška,2013-07,2.0,18.0,
Goriška,2013-07,,17.0,17.0
Savinjska,2013-07,4.222222222222222,17.0,8.2
Jugovzhodna Slovenija,2013-07,,15.0,
Osrednjeslovenska,2013-07,3.0,28.0,19.666666666666668
Obalno-kraška,2013-07,,19.0,14.0
Podravska,2013-07,,23.0,19.5
Gorenjska,2013-07,,20.0,
Koroška,2013-08,3.0,19.0,
Goriška,2013-08,,16.0,17.0
Podravska,2013-08,,21.5,18.0
Savinjska,2013-08,4.111111111111111,17.8,9.2
Obalno-kraška,2013-08,,18.0,15.0
Pomurska,2013-08,,19.0,10.0
Posavska,2013-08,5.0,23.0,
Zasavska,2013-08,6.875,18.428571428571427,15.0
Osrednjeslovenska,2013-08,3.6666666666666665,24.75,21.0
Jugovzhodna Slovenija,2013-08,,15.0,
Gorenjska,2013-08,,17.0,
Osrednjeslovenska,2013-09,4.0,22.75,22.333333333333332
Savinjska,2013-09,2.7777777777777777,14.4,10.6
Obalno-kraška,2013-09,,15.0,15.0
Gorenjska,2013-09,,14.0,
Posavska,2013-09,4.0,17.0,
Zasavska,2013-09,6.75,17.142857142857142,16.8
Pomurska,2013-09,,15.0,11.0
Koroška,2013-09,4.0,13.0,
Goriška,2013-09,,15.0,19.0
Podravska,2013-09,,16.0,17.5
Jugovzhodna Slovenija,2013-09,,11.0,
Osrednjeslovenska,2013-10,3.0,28.0,24.666666666666668
Koroška,2013-10,2.0,19.0,
Gorenjska,2013-10,,22.0,
Pomurska,2013-10,,25.0,8.0
Obalno-kraška,2013-10,,22.0,16.0
Zasavska,2013-10,7.875,18.571428571428573,20.0
Savinjska,2013-10,3.3333333333333335,20.6,12.8
Goriška,2013-10,,23.0,21.0
Posavska,2013-10,4.0,22.0,
Jugovzhodna Slovenija,2013-10,,18.0,
Podravska,2013-10,,23.5,22.5
Posavska,2013-11,4.0,17.0,
Osrednjeslovenska,2013-11,2.0,27.75,24.333333333333332
Podravska,2013-11,,19.0,23.5
Jugovzhodna Slovenija,2013-11,,16.5,
Gorenjska,2013-11,,22.0,
Koroška,2013-11,4.0,21.0,
Pomurska,2013-11,,29.0,12.0
Obalno-kraška,2013-11,,13.0,23.0
Goriška,2013-11,,18.0,25.0
Zasavska,2013-11,6.0,17.285714285714285,23.4
Savinjska,2013-11,3.5555555555555554,19.0,13.8
Koroška,2013-12,6.0,39.0,
Goriška,2013-12,,40.0,40.0
Savinjska,2013-12,4.125,33.4,21.8
Obalno-kraška,2013-12,,34.0,38.0
Zasavska,2013-12,6.875,31.857142857142858,30.2
Pomurska,2013-12,,44.0,21.0
Gorenjska,2013-12,,45.0,
Posavska,2013-12,5.0,26.0,
Jugovzhodna Slovenija,2013-12,,31.0,
Osrednjeslovenska,2013-12,3.0,47.25,37.333333333333336
Podravska,2013-12,,35.0,34.0
Osrednjeslovenska,2014-01,5.333333333333333,34.75,27.0
Podravska,2014-01,,34.0,32.0
Koroška,2014-01,3.0,24.0,
Pomurska,2014-01,,39.0,18.0
Zasavska,2014-01,7.25,22.857142857142858,21.8
Obalno-kraška,2014-01,,31.0,26.0
Goriška,2014-01,,35.0,29.0
Savinjska,2014-01,5.0,29.2,19.4
Gorenjska,2014-01,,32.0,
Posavska,2014-01,5.0,27.0,
Jugovzhodna Slovenija,2014-01,,26.0,
Obalno-kraška,2014-02,,18.0,15.0
Zasavska,2014-02,6.125,21.714285714285715,20.0
Koroška,2014-02,5.0,23.0,
Posavska,2014-02,5.0,22.0,
Podravska,2014-02,,25.0,28.0
Jugovzhodna Slovenija,2014-02,,21.0,
Gorenjska,2014-02,,30.0,
Goriška,2014-02,,22.0,29.0
Savinjska,2014-02,3.4444444444444446,28.0,18.0
Osrednjeslovenska,2014-02,3.0,32.5,32.666666666666664
Pomurska,2014-02,,30.0,17.0
Zasavska,2014-03,4.375,29.428571428571427,18.0
Goriška,2014-03,,31.0,26.0
Obalno-kraška,2014-03,,28.0,19.0
Pomurska,2014-03,,32.0,14.0
Podravska,2014-03,,28.0,22.0
Posavska,2014-03,6.0,31.0,
Savinjska,2014-03,4.888888888888889,31.2,18.2
Koroška,2014-03,3.0,25.0,
Jugovzhodna Slovenija,2014-03,,25.5,
Gorenjska,2014-03,,32.0,
Osrednjeslovenska,2014-03,3.6666666666666665,37.0,31.0
Osrednjeslovenska,2014-04,4.0,23.5,24.666666666666668
Posavska,2014-04,5.0,22.0,
Jugovzhodna Slovenija,2014-04,,16.0,
Obalno-kraška,2014-04,,19.0,18.0
Pomurska,2014-04,,21.0,11.0
Goriška,2014-04,,19.0,23.0
Gorenjska,2014-04,,17.0,
Koroška,2014-04,2.0,20.0,
Zasavska,2014-04,4.75,19.571428571428573,15.0
Savinjska,2014-04,4.555555555555555,19.2,12.4
Podravska,2014-04,,21.0,18.5
Zasavska,2014-05,4.25,13.142857142857142,10.0
Obalno-kraška,2014-05,,13.0,14.0
Goriška,2014-05,,14.0,17.0
Gorenjska,2014-05,,13.0,
Savinjska,2014-05,3.4444444444444446,13.8,10.4
Podravska,2014-05,,17.0,18.0
Osrednjeslovenska,2014-05,4.666666666666667,18.25,18.333333333333332
Koroška,2014-05,3.0,16.0,
Jugovzhodna Slovenija,2014-05,,11.0,
Posavska,2014-05,4.0,16.0,
Pomurska,2014-05,,14.0,8.0
Obalno-kraška,2014-06,,16.0,14.0
Posavska,2014-06,4.0,21.0,
Savinjska,2014-06,3.6666666666666665,15.8,11.4
Goriška,2014-06,,15.0,15.0
Pomurska,2014-06,,17.0,8.0
Zasavska,2014-06,4.375,15.142857142857142,10.4
Jugovzhodna Slovenija,2014-06,,12.0,
Koroška,2014-06,4.0,17.0,
Osrednjeslovenska,2014-06,3.6666666666666665,19.5,19.666666666666668
Podravska,2014-06,,16.5,18.5
Gorenjska,2014-06,,13.0,
Posavska,2014-07,3.0,20.0,
Goriška,2014-07,,12.0,16.0
Pomurska,2014-07,,15.0,7.0
Gorenjska,2014-07,,12.0,
Savinjska,2014-07,3.5555555555555554,14.2,10.0
Zasavska,2014-07,5.375,13.428571428571429,12.6
Obalno-kraška,2014-07,,14.0,14.0
Koroška,2014-07,1.0,16.0,
Jugovzhodna Slovenija,2014-07,,12.5,
Podravska,2014-07,,16.5,15.0
Osrednjeslovenska,2014-07,3.0,19.5,19.666666666666668
Koroška,2014-08,1.0,15.0,
Jugovzhodna Slovenija,2014-08,,11.0,
Podravska,2014-08,,14.0,15.0
Savinjska,2014-08,3.7777777777777777,13.4,10.4
Gorenjska,2014-08,,11.0,
Posavska,2014-08,5.0,19.0,
Osrednjeslovenska,2014-08,2.6666666666666665,16.75,18.0
Zasavska,2014-08,4.25,11.857142857142858,8.6
Pomurska,2014-08,,12.0,6.0
Obalno-kraška,2014-08,,12.0,11.0
Goriška,2014-08,,12.0,15.0
Savinjska,2014-09,4.0,15.4,12.0
Obalno-kraška,2014-09,,16.0,16.0
Goriška,2014-09,,16.0,16.0
Posavska,2014-09,5.0,20.0,
Gorenjska,2014-09,,18.0,
Podravska,2014-09,,17.5,16.5
Zasavska,2014-09,5.0,14.285714285714286,10.2
Pomurska,2014-09,,17.0,10.0
Osrednjeslovenska,2014-09,4.0,20.75,23.0
Jugovzhodna Slovenija,2014-09,,14.0,
Koroška,2014-09,2.0,19.0,
Jugovzhodna Slovenija,2014-10,,18.5,
Goriška,2014-10,,22.0,16.0
Osrednjeslovenska,2014-10,4.0,25.25,25.333333333333332
Koroška,2014-10,2.0,21.0,
Zasavska,2014-10,4.5,20.142857142857142,12.6
Pomurska,2014-10,,29.0,15.0
Podravska,2014-10,,25.5,22.0
Posavska,2014-10,5.0,29.0,
Obalno-kraška,2014-10,,17.0,13.0
Gorenjska,2014-10,,23.0,
Savinjska,2014-10,5.222222222222222,22.6,14.8
Jugovzhodna Slovenija,2014-11,,22.5,
Goriška,2014-11,,23.0,15.0
Osrednjeslovenska,2014-11,3.6666666666666665,28.5,25.0
Obalno-kraška,2014-11,,22.0,19.0
Gorenjska,2014-11,,30.0,
Posavska,2014-11,6.0,28.0,
Podravska,2014-11,,31.5,25.5
Pomurska,2014-11,,38.0,12.0
Zasavska,2014-11,5.875,24.857142857142858,14.0
Savinjska,2014-11,4.111111111111111,27.6,16.8
Koroška,2014-11,3.0,22.0,
Jugovzhodna Slovenija,2014-12,,9.5,
Osrednjeslovenska,2014-12,3.6666666666666665,27.5,28.333333333333332
Goriška,2014-12,,31.0,12.0
Obalno-kraška,2014-12,,23.0,25.0
Koroška,2014-12,2.0,29.0,
Posavska,2014-12,8.0,19.0,
Zasavska,2014-12,4.375,19.714285714285715,14.6
Pomurska,2014-12,,36.0,16.0
Podravska,2014-12,,24.5,27.0
Gorenjska,2014-12,,32.0,
Savinjska,2014-12,4.111111111111111,24.8,20.6
Goriška,2015-01,,36.0,29.0
Posavska,2015-01,9.0,27.0,
Podravska,2015-01,,35.5,40.0
Savinjska,2015-01,4.888888888888889,30.0,23.6
Obalno-kraška,2015-01,,27.0,25.0
Pomurska,2015-01,,40.0,20.0
Koroška,2015-01,3.0,30.0,
Gorenjska,2015-01,,40.0,
Osrednjeslovenska,2015-01,5.333333333333333,40.25,33.333333333333336
Zasavska,2015-01,4.625,25.428571428571427,17.4
Jugovzhodna Slovenija,2015-01,,29.5,12.0
Podravska,2015-02,,31.5,39.0
Pomurska,2015-02,,41.0,18.0
Obalno-kraška,2015-02,,21.0,18.0
Jugovzhodna Slovenija,2015-02,,30.5,12.0
Goriška,2015-02,,28.0,19.0
Posavska,2015-02,8.0,22.0,
Osrednjeslovenska,2015-02,3.0,37.25,33.333333333333336
Zasavska,2015-02,4.125,26.571428571428573,20.2
Gorenjska,2015-02,,37.0,
Savinjska,2015-02,4.555555555555555,30.6,21.0
Koroška,2015-02,2.0,32.0,
Goriška,2015-03,,24.0,24.0
Gorenjska,2015-03,,34.0,
Osrednjeslovenska,2015-03,4.666666666666667,34.75,27.333333333333332
Zasavska,2015-03,5.375,28.428571428571427,17.6
Koroška,2015-03,3.0,31.0,
Podravska,2015-03,,29.5,37.0
Obalno-kraška,2015-03,,23.0,15.0
Posavska,2015-03,8.0,31.0,
Jugovzhodna Slovenija,2015-03,,24.5,7.0
Savinjska,2015-03,4.666666666666667,30.8,17.2
Pomurska,2015-03,,33.0,14.0
Goriška,2015-04,,18.0,23.0
Jugovzhodna Slovenija,2015-04,,12.5,6.0
Koroška,2015-04,2.0,18.0,
Podravska,2015-04,,18.5,32.0
Obalno-kraška,2015-04,,20.0,14.0
Savinjska,2015-04,4.0,17.4,11.8
Pomurska,2015-04,,17.0,11.0
Zasavska,2015-04,6.125,17.857142857142858,13.2
Gorenjska,2015-04,,17.0,
Posavska,2015-04,9.0,22.0,
Osrednjeslovenska,2015-04,4.666666666666667,23.0,21.0
Zasavska,2015-05,5.625,12.714285714285714,11.0
Osrednjeslovenska,2015-05,4.666666666666667,19.25,18.666666666666668
Koroška,2015-05,5.0,18.0,
Gorenjska,2015-05,,16.0,
Pomurska,2015-05,,14.0,8.0
Podravska,2015-05,,16.5,29.0
Obalno-kraška,2015-05,,15.0,11.0
Jugovzhodna Slovenija,2015-05,,11.5,5.0
Posavska,2015-05,6.0,16.0,
Savinjska,2015-05,4.333333333333333,13.4,11.0
Goriška,2015-05,,14.0,17.0
Obalno-kraška,2015-06,,16.0,13.0
Posavska,2015-06,4.0,21.0,
Zasavska,2015-06,5.375,15.428571428571429,10.4
Osrednjeslovenska,2015-06,4.333333333333333,21.0,18.666666666666668
Savinjska,2015-06,2.888888888888889,16.2,10.0
Goriška,2015-06,,16.0,15.0
Pomurska,2015-06,,17.0,10.0
Podravska,2015-06,,17.5,27.0
Gorenjska,2015-06,,17.0,
Jugovzhodna Slovenija,2015-06,,16.0,4.0
Koroška,2015-06,7.0,30.0,
Koroška,2015-07,7.0,22.0,
Savinjska,2015-07,4.111111111111111,16.2,9.8
Gorenjska,2015-07,,19.0,
Jugovzhodna Slovenija,2015-07,,17.5,5.0
Posavska,2015-07,4.0,20.0,
Goriška,2015-07,,20.0,16.0
Obalno-kraška,2015-07,,21.0,14.0
Pomurska,2015-07,,18.0,9.0
Podravska,2015-07,,18.0,26.0
Zasavska,2015-07,4.25,15.428571428571429,10.6
Osrednjeslovenska,2015-07,3.3333333333333335,22.0,18.666666666666668
Pomurska,2015-08,,24.0,9.0
Podravska,2015-08,,17.5,28.0
Posavska,2015-08,4.0,19.0,
Jugovzhodna Slovenija,2015-08,,19.5,7.0
Osrednjeslovenska,2015-08,2.6666666666666665,22.0,20.333333333333332
Savinjska,2015-08,5.333333333333333,16.6,6.4
Zasavska,2015-08,5.75,15.142857142857142,10.8
Goriška,2015-08,,19.0,16.0
Gorenjska,2015-08,,21.0,
Obalno-kraška,2015-08,,22.0,13.0
Koroška,2015-08,6.0,20.0,
Podravska,2015-09,,15.0,29.0
Zasavska,2015-09,5.0,13.571428571428571,11.2
Posavska,2015-09,3.0,20.0,
Savinjska,2015-09,3.3333333333333335,15.6,8.8
Osrednjeslovenska,2015-09,3.3333333333333335,20.75,21.0
Jugovzhodna Slovenija,2015-09,,14.5,4.0
Goriška,2015-09,,16.0,15.0
Koroška,2015-09,2.0,17.0,
Gorenjska,2015-09,,16.0,
Pomurska,2015-09,,13.0,9.0
Obalno-kraška,2015-09,,16.0,11.0
Gorenjska,2015-10,,23.0,
Obalno-kraška,2015-10,,13.0,13.0
Pomurska,2015-10,,26.0,11.0
Koroška,2015-10,3.0,21.0,
Savinjska,2015-10,4.0,22.6,11.4
Jugovzhodna Slovenija,2015-10,,17.5,8.0
Osrednjeslovenska,2015-10,3.6666666666666665,24.25,25.666666666666668
Goriška,2015-10,,14.0,23.0
Posavska,2015-10,5.0,29.0,
Podravska,2015-10,,23.0,29.0
Zasavska,2015-10,6.25,19.428571428571427,13.4
Koroška,2015-11,3.0,26.0,
Goriška,2015-11,,33.0,32.0
Zasavska,2015-11,5.125,26.428571428571427,19.0
Gorenjska,2015-11,,35.0,
Pomurska,2015-11,,48.0,18.0
Jugovzhodna Slovenija,2015-11,,25.5,7.0
Podravska,2015-11,,29.5,29.0
Osrednjeslovenska,2015-11,4.333333333333333,34.25,31.0
Savinjska,2015-11,4.111111111111111,30.2,17.2
Posavska,2015-11,6.0,28.0,
Obalno-kraška,2015-11,,36.0,23.0
Pomurska,2015-12,,48.0,20.0
Gorenjska,2015-12,,46.0,
Zasavska,2015-12,3.25,26.142857142857142,20.2
Posavska,2015-12,9.0,19.0,
Koroška,2015-12,3.0,39.0,
Obalno-kraška,2015-12,,50.0,33.0
Osrednjeslovenska,2015-12,4.666666666666667,37.0,31.0
Jugovzhodna Slovenija,2015-12,,28.0,20.0
Goriška,2015-12,,46.0,36.0
Savinjska,2015-12,4.5,32.2,23.2
Podravska,2015-12,,30.0,24.0
Obalno-kraška,2016-01,,40.0,31.0
Posavska,2016-01,9.0,31.0,
Gorenjska,2016-01,,51.0,
Podravska,2016-01,,49.666666666666664,29.0
Osrednjeslovenska,2016-01,3.6666666666666665,51.0,35.0
Pomurska,2016-01,,59.0,20.0
Jugovzhodna Slovenija,2016-01,0.5,36.0,3.0
Goriška,2016-01,,37.0,34.0
Savinjska,2016-01,4.333333333333333,43.6,23.0
Zasavska,2016-01,6.428571428571429,49.25,22.0
Koroška,2016-01,4.0,39.0,
Obalno-kraška,2016-02,,21.0,23.0
Goriška,2016-02,,18.666666666666668,25.0
Jugovzhodna Slovenija,2016-02,0.1,16.0,2.0
Posavska,2016-02,9.0,18.0,
Osrednjeslovenska,2016-02,3.6666666666666665,20.5,25.0
Gorenjska,2016-02,,24.0,
Koroška,2016-02,2.0,21.0,
Savinjska,2016-02,3.0,20.2,12.8
Zasavska,2016-02,5.714285714285714,21.5,14.6
Podravska,2016-02,,19.333333333333332,35.0
Pomurska,2016-02,,26.0,14.0
Koroška,2016-03,2.0,21.0,
Goriška,2016-03,,19.666666666666668,20.0
Jugovzhodna Slovenija,2016-03,0.4,18.5,3.0
Zasavska,2016-03,6.0,23.0,13.8
Savinjska,2016-03,3.111111111111111,21.4,12.2
Gorenjska,2016-03,,23.0,
Podravska,2016-03,,21.666666666666668,29.0
Osrednjeslovenska,2016-03,3.3333333333333335,23.5,24.0
Obalno-kraška,2016-03,,18.0,16.0
Pomurska,2016-03,,23.0,7.0
Posavska,2016-03,10.0,22.0,
Goriška,2016-04,,15.333333333333334,16.0
Podravska,2016-04,,19.333333333333332,21.0
Gorenjska,2016-04,,19.0,
Osrednjeslovenska,2016-04,3.0,23.25,19.666666666666668
Posavska,2016-04,5.0,21.0,
Obalno-kraška,2016-04,,18.0,13.0
Pomurska,2016-04,,18.0,9.0
Zasavska,2016-04,4.857142857142857,18.25,10.2
Jugovzhodna Slovenija,2016-04,0.4,14.5,1.0
Koroška,2016-04,3.0,24.0,
Savinjska,2016-04,3.6666666666666665,18.8,9.2
Posavska,2016-05,4.0,22.0,
Osrednjeslovenska,2016-05,3.6666666666666665,17.25,20.333333333333332
Savinjska,2016-05,2.7777777777777777,14.2,7.8
Obalno-kraška,2016-05,,13.0,10.0
Gorenjska,2016-05,,13.0,
Koroška,2016-05,2.0,18.0,
Podravska,2016-05,,16.0,20.0
Zasavska,2016-05,6.714285714285714,15.5,9.6
Goriška,2016-05,,10.333333333333334,13.0
Jugovzhodna Slovenija,2016-05,0.3,12.0,1.0
Pomurska,2016-05,,14.0,8.0
Zasavska,2016-06,6.285714285714286,14.25,8.25
Podravska,2016-06,,17.333333333333332,
Savinjska,2016-06,2.7777777777777777,14.2,6.0
Obalno-kraška,2016-06,,15.0,11.0
Osrednjeslovenska,2016-06,3.0,18.0,16.666666666666668
Goriška,2016-06,,13.333333333333334,12.0
Pomurska,2016-06,,14.0,8.0
Gorenjska,2016-06,,14.0,
Jugovzhodna Slovenija,2016-06,0.2,12.5,1.0
Koroška,2016-06,4.0,18.0,
Posavska,2016-06,4.0,24.0,
Pomurska,2016-07,,14.0,6.0
Goriška,2016-07,,14.0,19.0
Savinjska,2016-07,3.5555555555555554,14.2,6.2
Osrednjeslovenska,2016-07,2.6666666666666665,19.75,16.0
Zasavska,2016-07,7.142857142857143,15.5,7.25
Podravska,2016-07,,17.333333333333332,19.0
Jugovzhodna Slovenija,2016-07,0.3,14.0,1.0
Obalno-kraška,2016-07,,16.0,12.0
Koroška,2016-07,5.0,15.0,
Gorenjska,2016-07,,14.0,
Posavska,2016-07,5.0,14.0,
Osrednjeslovenska,2016-08,3.3333333333333335,17.75,14.666666666666666
Goriška,2016-08,,11.0,17.0
Jugovzhodna Slovenija,2016-08,0.2,13.0,1.0
Koroška,2016-08,3.0,15.0,
Obalno-kraška,2016-08,,14.0,9.0
Savinjska,2016-08,3.6666666666666665,14.0,5.6
Podravska,2016-08,,14.666666666666666,20.0
Zasavska,2016-08,4.714285714285714,14.0,7.25
Pomurska,2016-08,,13.0,11.0
Gorenjska,2016-08,,13.0,
Posavska,2016-08,6.0,12.0,
Posavska,2016-09,3.0,18.0,
Koroška,2016-09,4.0,19.0,
Gorenjska,2016-09,,19.0,
Pomurska,2016-09,,20.0,14.0
Savinjska,2016-09,4.111111111111111,20.2,7.4
Osrednjeslovenska,2016-09,2.6666666666666665,24.0,21.0
Zasavska,2016-09,6.571428571428571,19.0,10.25
Podravska,2016-09,,19.0,17.0
Obalno-kraška,2016-09,,17.0,7.0
Jugovzhodna Slovenija,2016-09,0.4,16.5,1.0
Goriška,2016-09,,15.666666666666666,23.0
Pomurska,2016-10,,21.0,15.0
Koroška,2016-10,4.0,15.0,
Zasavska,2016-10,5.571428571428571,19.25,12.25
Savinjska,2016-10,4.333333333333333,17.8,9.6
Podravska,2016-10,,20.333333333333332,18.0
Osrednjeslovenska,2016-10,3.0,21.0,20.666666666666668
Jugovzhodna Slovenija,2016-10,0.1,15.0,2.0
Obalno-kraška,2016-10,,13.0,12.0
Goriška,2016-10,,11.333333333333334,26.0
Posavska,2016-10,5.0,26.0,
Gorenjska,2016-10,,20.0,
Podravska,2016-11,,27.666666666666668,32.0
Obalno-kraška,2016-11,,19.0,15.0
Goriška,2016-11,,20.666666666666668,35.0
Koroška,2016-11,5.0,23.0,
Pomurska,2016-11,,34.0,13.0
Zasavska,2016-11,5.714285714285714,25.25,15.25
Savinjska,2016-11,4.0,24.4,13.6
Osrednjeslovenska,2016-11,4.333333333333333,25.0,25.333333333333332
Jugovzhodna Slovenija,2016-11,0.2,20.5,2.0
Posavska,2016-11,7.0,27.0,
Gorenjska,2016-11,,26.0,
Gorenjska,2016-12,,61.0,
Goriška,2016-12,,29.333333333333332,55.0
Osrednjeslovenska,2016-12,4.666666666666667,57.25,42.666666666666664
Obalno-kraška,2016-12,,28.0,21.0
Zasavska,2016-12,6.714285714285714,53.5,18.5
Savinjska,2016-12,3.888888888888889,47.8,25.0
Podravska,2016-12,,55.0,48.0
Koroška,2016-12,4.0,45.0,
Pomurska,2016-12,,54.0,20.0
Posavska,2016-12,5.0,35.0,
Jugovzhodna Slovenija,2016-12,0.3,35.5,3.0
Osrednjeslovenska,2017-01,6.0,54.0,42.0
Goriška,2017-01,,34.0,44.0
Gorenjska,2017-01,,52.0,
Obalno-kraška,2017-01,,25.0,13.0
Zasavska,2017-01,8.571428571428571,52.25,32.5
Savinjska,2017-01,5.222222222222222,58.166666666666664,24.166666666666668
Jugovzhodna Slovenija,2017-01,1.6,45.5,3.0
Podravska,2017-01,,65.8,34.5
Pomurska,2017-01,,73.0,21.0
Koroška,2017-01,6.0,47.0,
Posavska,2017-01,9.0,45.0,
Podravska,2017-02,,43.0,29.5
Obalno-kraška,2017-02,,29.0,22.0
Jugovzhodna Slovenija,2017-02,0.9,33.0,2.0
Savinjska,2017-02,4.777777777777778,36.166666666666664,19.0
Zasavska,2017-02,8.142857142857142,37.0,20.0
Pomurska,2017-02,,51.0,16.0
Koroška,2017-02,8.0,28.0,
Posavska,2017-02,7.0,37.0,
Osrednjeslovenska,2017-02,6.0,38.0,38.0
Gorenjska,2017-02,,36.0,
Goriška,2017-02,,27.75,42.0
Jugovzhodna Slovenija,2017-03,0.3,21.5,2.0
Obalno-kraška,2017-03,,24.0,23.0
Gorenjska,2017-03,,27.0,
Koroška,2017-03,6.0,22.0,
Podravska,2017-03,,26.2,22.5
Pomurska,2017-03,,27.0,
Savinjska,2017-03,4.555555555555555,28.0,18.333333333333332
Zasavska,2017-03,7.714285714285714,27.75,15.0
Posavska,2017-03,8.0,35.0,
Osrednjeslovenska,2017-03,5.333333333333333,29.0,39.333333333333336
Goriška,2017-03,,25.25,37.0
Goriška,2017-04,,16.0,26.0
Jugovzhodna Slovenija,2017-04,0.2,14.0,1.0
Obalno-kraška,2017-04,,18.0,15.0
Savinjska,2017-04,5.666666666666667,16.166666666666668,13.833333333333334
Zasavska,2017-04,6.857142857142857,17.0,16.0
Pomurska,2017-04,,17.0,19.0
Podravska,2017-04,,16.6,17.0
Koroška,2017-04,8.0,16.0,
Gorenjska,2017-04,,18.0,
Posavska,2017-04,8.0,28.0,
Osrednjeslovenska,2017-04,5.0,18.6,28.0
Savinjska,2017-05,4.777777777777778,14.333333333333334,12.166666666666666
Posavska,2017-05,6.0,21.0,
Obalno-kraška,2017-05,,14.0,15.0
Pomurska,2017-05,,15.0,25.0
Podravska,2017-05,,15.8,15.5
Zasavska,2017-05,6.714285714285714,15.5,12.333333333333334
Osrednjeslovenska,2017-05,4.333333333333333,17.0,27.333333333333332
Koroška,2017-05,8.0,15.0,
Goriška,2017-05,,14.0,20.0
Gorenjska,2017-05,,15.0,
Jugovzhodna Slovenija,2017-05,0.2,13.0,1.0
Posavska,2017-06,6.0,25.0,
Goriška,2017-06,,17.25,20.0
Jugovzhodna Slovenija,2017-06,0.4,14.5,1.0
Zasavska,2017-06,3.0,15.666666666666666,16.5
Osrednjeslovenska,2017-06,1.6666666666666667,20.2,28.333333333333332
Podravska,2017-06,,17.8,16.5
Obalno-kraška,2017-06,,16.0,16.0
Koroška,2017-06,7.0,17.0,
Gorenjska,2017-06,,15.0,
Savinjska,2017-06,4.888888888888889,15.5,9.166666666666666
Pomurska,2017-06,,16.0,26.0
Obalno-kraška,2017-07,,15.0,16.0
Pomurska,2017-07,,14.0,21.0
Zasavska,2017-07,3.3333333333333335,14.333333333333334,15.0
Osrednjeslovenska,2017-07,3.3333333333333335,19.2,25.666666666666668
Podravska,2017-07,,15.8,13.5
Savinjska,2017-07,4.111111111111111,12.833333333333334,11.5
Gorenjska,2017-07,,13.0,
Posavska,2017-07,6.0,24.0,
Goriška,2017-07,,15.5,18.0
Koroška,2017-07,8.0,14.0,
Jugovzhodna Slovenija,2017-07,0.4,13.0,1.0
Goriška,2017-08,,16.25,21.0
Posavska,2017-08,8.0,20.0,
Savinjska,2017-08,4.444444444444445,17.5,11.833333333333334
Gorenjska,2017-08,,17.0,
Obalno-kraška,2017-08,,19.0,15.0
Pomurska,2017-08,,16.0,18.0
Jugovzhodna Slovenija,2017-08,0.3,14.0,1.0
Zasavska,2017-08,3.6666666666666665,18.666666666666668,16.0
Podravska,2017-08,,16.8,14.0
Osrednjeslovenska,2017-08,3.0,21.0,26.666666666666668
Koroška,2017-08,9.0,16.0,
Pomurska,2017-09,,14.0,20.0
Savinjska,2017-09,3.3333333333333335,13.166666666666666,11.166666666666666
Gorenjska,2017-09,,13.0,
Jugovzhodna Slovenija,2017-09,0.2,11.0,1.0
Zasavska,2017-09,4.333333333333333,18.666666666666668,18.5
Obalno-kraška,2017-09,,12.0,11.0
Podravska,2017-09,,12.2,16.0
Goriška,2017-09,,12.5,23.0
Osrednjeslovenska,2017-09,3.3333333333333335,16.2,26.666666666666668
Posavska,2017-09,8.0,12.0,
Koroška,2017-09,6.0,14.0,
Pomurska,2017-10,,28.0,18.0
Jugovzhodna Slovenija,2017-10,0.1,18.0,1.0
Savinjska,2017-10,4.444444444444445,25.333333333333332,14.166666666666666
Zasavska,2017-10,3.3333333333333335,28.333333333333332,26.0
Gorenjska,2017-10,,25.0,
Posavska,2017-10,7.0,19.0,
Osrednjeslovenska,2017-10,4.0,25.4,34.333333333333336
Obalno-kraška,2017-10,,28.0,18.0
Podravska,2017-10,,22.0,21.0
Goriška,2017-10,,27.25,33.0
Koroška,2017-10,5.0,22.0,
Jugovzhodna Slovenija,2017-11,0.2,19.0,3.0
Obalno-kraška,2017-11,,17.0,20.0
Osrednjeslovenska,2017-11,3.6666666666666665,24.8,33.0
Zasavska,2017-11,4.0,29.0,28.0
Savinjska,2017-11,5.333333333333333,26.0,16.833333333333332
Goriška,2017-11,,22.0,37.0
Podravska,2017-11,,23.8,22.0
Posavska,2017-11,6.0,13.0,
Koroška,2017-11,5.0,24.0,
Pomurska,2017-11,,32.0,22.0
Gorenjska,2017-11,,28.0,
Savinjska,2017-12,5.777777777777778,25.5,19.666666666666668
Zasavska,2017-12,4.0,33.666666666666664,29.0
Gorenjska,2017-12,,35.0,
Pomurska,2017-12,,34.0,24.0
Podravska,2017-12,,23.4,23.0
Obalno-kraška,2017-12,,21.0,27.0
Osrednjeslovenska,2017-12,4.666666666666667,34.2,40.666666666666664
Goriška,2017-12,,26.25,43.0
Jugovzhodna Slovenija,2017-12,0.1,19.0,3.0
Posavska,2017-12,5.0,11.0,
Koroška,2017-12,6.0,30.0,
Savinjska,2018-01,5.777777777777778,26.333333333333332,17.166666666666668
Gorenjska,2018-01,,24.0,
Pomurska,2018-01,,36.0,19.0
Jugovzhodna Slovenija,2018-01,,19.5,3.0
Zasavska,2018-01,3.3333333333333335,27.333333333333332,22.5
Goriška,2018-01,,29.0,39.0
Podravska,2018-01,,26.2,25.0
Osrednjeslovenska,2018-01,5.333333333333333,28.5,43.5
Obalno-kraška,2018-01,,24.0,24.0
Posavska,2018-01,6.0,15.0,
Koroška,2018-01,5.0,27.0,
Gorenjska,2018-02,,40.0,
Koroška,2018-02,6.0,27.0,
Goriška,2018-02,,19.0,27.0
Zasavska,2018-02,3.6666666666666665,33.0,28.5
Pomurska,2018-02,,40.5,17.0
Savinjska,2018-02,6.666666666666667,32.833333333333336,19.5
Obalno-kraška,2018-02,,16.0,17.0
Osrednjeslovenska,2018-02,6.0,33.5,49.5
Podravska,2018-02,,35.0,24.0
Jugovzhodna Slovenija,2018-02,,25.5,3.0
Posavska,2018-02,9.0,20.0,
Jugovzhodna Slovenija,2018-03,1.0,27.0,3.0
Goriška,2018-03,,23.25,22.0
Zasavska,2018-03,4.666666666666667,33.333333333333336,23.5
Pomurska,2018-03,,40.0,15.0
Koroška,2018-03,8.0,32.0,
Obalno-kraška,2018-03,,21.0,24.0
Savinjska,2018-03,6.0,33.166666666666664,17.166666666666668
Gorenjska,2018-03,,37.0,
Podravska,2018-03,,33.8,27.5
Posavska,2018-03,10.0,24.0,
Osrednjeslovenska,2018-03,2.5,32.2,47.0
Zasavska,2018-04,4.0,21.333333333333332,16.5
Savinjska,2018-04,4.111111111111111,20.5,10.166666666666666
Podravska,2018-04,,19.8,22.0
Pomurska,2018-04,,22.5,10.0
Jugovzhodna Slovenija,2018-04,1.0,17.0,2.0
Posavska,2018-04,10.0,19.0,
Osrednjeslovenska,2018-04,1.5,23.8,37.0
Goriška,2018-04,,19.75,23.0
Koroška,2018-04,6.0,23.0,
Gorenjska,2018-04,,21.0,
Obalno-kraška,2018-04,,19.0,22.0
Osrednjeslovenska,2018-05,1.5,20.8,25.5
Savinjska,2018-05,5.222222222222222,18.166666666666668,8.166666666666666
Jugovzhodna Slovenija,2018-05,1.0,19.5,2.0
Podravska,2018-05,,19.4,14.0
Gorenjska,2018-05,,15.0,
Zasavska,2018-05,4.333333333333333,18.0,14.0
Posavska,2018-05,8.0,18.0,
Goriška,2018-05,,17.0,21.0
Pomurska,2018-05,,18.0,8.0
Obalno-kraška,2018-05,,17.0,15.0
Koroška,2018-05,3.0,20.0,
Zasavska,2018-06,3.6666666666666665,15.0,12.5
Koroška,2018-06,4.0,15.0,
Osrednjeslovenska,2018-06,1.0,18.2,20.5
Podravska,2018-06,,17.0,11.5
Jugovzhodna Slovenija,2018-06,1.0,14.0,1.0
Pomurska,2018-06,,14.5,6.0
Obalno-kraška,2018-06,,14.0,13.0
Posavska,2018-06,9.0,16.0,
Gorenjska,2018-06,,13.0,
Goriška,2018-06,,14.25,19.0
Savinjska,2018-06,5.666666666666667,15.166666666666666,7.833333333333333
Jugovzhodna Slovenija,2018-07,0.0,13.5,1.0
Podravska,2018-07,,16.8,10.0
Osrednjeslovenska,2018-07,1.5,18.6,17.0
Savinjska,2018-07,4.777777777777778,15.333333333333334,7.5
Goriška,2018-07,,14.25,20.0
Gorenjska,2018-07,,14.0,
Pomurska,2018-07,,15.5,7.0
Obalno-kraška,2018-07,,15.0,13.0
Zasavska,2018-07,2.6666666666666665,15.666666666666666,11.5
Koroška,2018-07,5.0,16.0,
Posavska,2018-07,1.0,16.0,
Goriška,2018-08,,14.5,19.0
Koroška,2018-08,5.0,18.0,
Pomurska,2018-08,,17.0,8.0
Zasavska,2018-08,3.6666666666666665,21.333333333333332,11.5
Jugovzhodna Slovenija,2018-08,1.0,15.0,1.0
Posavska,2018-08,3.0,20.0,
Podravska,2018-08,,18.2,9.5
Osrednjeslovenska,2018-08,1.0,21.2,19.0
Savinjska,2018-08,4.888888888888889,19.0,7.666666666666667
Gorenjska,2018-08,,17.0,
Obalno-kraška,2018-08,,17.0,14.0
Goriška,2018-09,,13.5,19.0
Podravska,2018-09,,14.6,8.0
Jugovzhodna Slovenija,2018-09,2.0,18.5,1.0
Koroška,2018-09,3.0,18.0,
Savinjska,2018-09,4.111111111111111,19.333333333333332,8.666666666666666
Obalno-kraška,2018-09,,17.0,15.0
Gorenjska,2018-09,,16.0,
Posavska,2018-09,2.0,17.0,
Pomurska,2018-09,,17.0,9.0
Osrednjeslovenska,2018-09,3.0,17.2,24.0
Zasavska,2018-09,5.0,24.333333333333332,15.5
Koroška,2018-10,6.0,25.0,
Goriška,2018-10,,21.5,24.0
Savinjska,2018-10,4.777777777777778,29.333333333333332,12.166666666666666
Jugovzhodna Slovenija,2018-10,1.0,22.5,2.0
Posavska,2018-10,4.0,23.0,
Pomurska,2018-10,,33.0,12.0
Gorenjska,2018-10,,16.0,
Obalno-kraška,2018-10,,21.0,17.0
Podravska,2018-10,,27.6,10.0
Osrednjeslovenska,2018-10,4.0,29.6,36.0
Zasavska,2018-10,4.666666666666667,41.0,19.5
Obalno-kraška,2018-11,,16.0,17.0
Goriška,2018-11,,16.0,21.0
Gorenjska,2018-11,,25.0,
Posavska,2018-11,3.0,18.0,
Koroška,2018-11,3.0,24.0,
Podravska,2018-11,,29.6,24.5
Savinjska,2018-11,3.4444444444444446,26.166666666666668,13.666666666666666
Zasavska,2018-11,4.333333333333333,32.333333333333336,18.0
Osrednjeslovenska,2018-11,3.5,23.0,30.0
Pomurska,2018-11,,34.0,14.0
Jugovzhodna Slovenija,2018-11,1.0,18.0,3.0
Koroška,2018-12,4.0,31.0,
Goriška,2018-12,,24.25,39.0
Zasavska,2018-12,4.666666666666667,41.333333333333336,25.0
Podravska,2018-12,,39.2,33.0
Obalno-kraška,2018-12,,23.0,27.0
Gorenjska,2018-12,,33.0,
Posavska,2018-12,2.0,16.0,
Pomurska,2018-12,,52.0,26.0
Jugovzhodna Slovenija,2018-12,2.0,26.5,3.0
Savinjska,2018-12,3.5555555555555554,39.333333333333336,19.166666666666668
Osrednjeslovenska,2018-12,3.5,46.6,43.0
Posavska,2019-01,2.0,17.0,
Obalno-kraška,2019-01,,17.0,20.0
Koroška,2019-01,4.0,28.0,
Goriška,2019-01,,27.0,42.0
Gorenjska,2019-01,,33.0,
Zasavska,2019-01,3.3333333333333335,32.333333333333336,26.0
Savinjska,2019-01,4.444444444444445,34.833333333333336,20.166666666666668
Pomurska,2019-01,,40.5,20.0
Jugovzhodna Slovenija,2019-01,0.6,25.5,4.0
Podravska,2019-01,,33.0,32.0
Osrednjeslovenska,2019-01,8.0,37.4,45.5
Koroška,2019-02,4.0,26.0,
Obalno-kraška,2019-02,,25.0,24.0
Posavska,2019-02,3.0,20.0,
Goriška,2019-02,,35.0,39.0
Gorenjska,2019-02,,31.0,
Zasavska,2019-02,3.3333333333333335,42.0,30.5
Pomurska,2019-02,,39.0,21.0
Savinjska,2019-02,4.444444444444445,37.166666666666664,19.333333333333332
Jugovzhodna Slovenija,2019-02,0.8,23.5,3.0
Podravska,2019-02,,33.2,31.5
Osrednjeslovenska,2019-02,4.5,39.8,50.0
Gorenjska,2019-03,,21.0,
Goriška,2019-03,,21.25,31.0
Koroška,2019-03,4.0,19.0,
Posavska,2019-03,3.0,16.0,
Obalno-kraška,2019-03,,18.0,18.0
Savinjska,2019-03,4.222222222222222,23.0,13.166666666666666
Pomurska,2019-03,,22.5,14.0
Jugovzhodna Slovenija,2019-03,0.6,16.0,2.0
Zasavska,2019-03,3.0,24.333333333333332,25.5
Osrednjeslovenska,2019-03,2.5,22.8,39.5
Podravska,2019-03,,19.2,23.5
Podravska,2019-04,,23.6,20.5
Osrednjeslovenska,2019-04,3.5,23.8,34.5
Gorenjska,2019-04,,19.0,
Zasavska,2019-04,3.3333333333333335,26.0,22.0
Pomurska,2019-04,,25.5,10.0
Savinjska,2019-04,4.666666666666667,24.666666666666668,9.833333333333334
Posavska,2019-04,4.0,20.0,
Goriška,2019-04,,18.5,24.0
Obalno-kraška,2019-04,,20.0,16.0
Koroška,2019-04,4.0,22.0,
Jugovzhodna Slovenija,2019-04,0.6,20.0,2.0
Jugovzhodna Slovenija,2019-05,0.5,9.0,2.0
Goriška,2019-05,,9.75,19.0
Posavska,2019-05,6.0,10.0,
Obalno-kraška,2019-05,,10.0,13.0
Gorenjska,2019-05,,10.0,
Zasavska,2019-05,3.3333333333333335,11.0,14.0
Podravska,2019-05,,12.2,16.0
Osrednjeslovenska,2019-05,4.0,12.0,26.0
Savinjska,2019-05,4.555555555555555,11.666666666666666,6.0
Pomurska,2019-05,,12.0,7.0
Koroška,2019-05,4.0,14.0,
Pomurska,2019-06,,20.5,8.0
Podravska,2019-06,,23.2,16.0
Osrednjeslovenska,2019-06,3.0,21.4,25.5
Savinjska,2019-06,4.333333333333333,20.166666666666668,6.333333333333333
Gorenjska,2019-06,,19.0,
Goriška,2019-06,,18.25,19.0
Posavska,2019-06,3.0,21.0,
Obalno-kraška,2019-06,,21.0,14.0
Zasavska,2019-06,2.6666666666666665,19.666666666666668,13.0
Jugovzhodna Slovenija,2019-06,1.0,17.0,2.0
Koroška,2019-06,5.0,22.0,
Podravska,2019-07,,18.0,14.0
Zasavska,2019-07,1.6666666666666667,15.0,11.5
Posavska,2019-07,5.0,16.0,
Savinjska,2019-07,4.555555555555555,14.666666666666666,6.0
Osrednjeslovenska,2019-07,4.5,16.8,26.5
Goriška,2019-07,,13.0,18.0
Gorenjska,2019-07,,14.0,
Pomurska,2019-07,,17.0,8.0
Jugovzhodna Slovenija,2019-07,0.7,12.5,2.0
Obalno-kraška,2019-07,,15.0,14.0
Koroška,2019-07,6.0,14.0,
Jugovzhodna Slovenija,2019-08,1.0,15.0,2.0
Zasavska,2019-08,2.0,15.666666666666666,12.0
Obalno-kraška,2019-08,,17.0,12.0
Osrednjeslovenska,2019-08,5.0,18.8,25.0
Podravska,2019-08,,15.2,11.5
Savinjska,2019-08,4.444444444444445,16.833333333333332,6.5
Gorenjska,2019-08,,15.0,
Goriška,2019-08,,15.75,18.0
Pomurska,2019-08,,16.0,8.0
Posavska,2019-08,7.0,17.0,
Koroška,2019-08,2.0,16.0,
Zasavska,2019-09,2.6666666666666665,13.333333333333334,15.5
Pomurska,2019-09,,14.5,10.0
Jugovzhodna Slovenija,2019-09,0.7,11.5,2.0
Goriška,2019-09,,13.5,22.0
Gorenjska,2019-09,,13.0,
Posavska,2019-09,3.0,14.0,
Obalno-kraška,2019-09,,12.0,12.0
Koroška,2019-09,3.0,14.0,
Osrednjeslovenska,2019-09,5.0,14.6,32.0
Savinjska,2019-09,3.4444444444444446,14.166666666666666,8.333333333333334
Podravska,2019-09,,12.4,13.5
Obalno-kraška,2019-10,,20.0,11.0
Pomurska,2019-10,,20.5,12.0
Koroška,2019-10,4.0,19.0,
Osrednjeslovenska,2019-10,3.5,18.0,36.0
Zasavska,2019-10,3.0,19.333333333333332,17.5
Posavska,2019-10,3.0,16.0,
Goriška,2019-10,,19.75,27.0
Gorenjska,2019-10,,19.0,
Podravska,2019-10,,18.0,19.0
Savinjska,2019-10,4.111111111111111,18.666666666666668,10.166666666666666
Jugovzhodna Slovenija,2019-10,0.7,14.0,2.0
Jugovzhodna Slovenija,2019-11,0.7,12.5,3.0
Savinjska,2019-11,3.6666666666666665,18.333333333333332,11.666666666666666
Podravska,2019-11,,19.4,23.5
Koroška,2019-11,4.0,15.0,
Pomurska,2019-11,,23.5,13.0
Goriška,2019-11,,12.25,26.0
Obalno-kraška,2019-11,,13.0,9.0
Posavska,2019-11,3.0,12.0,
Gorenjska,2019-11,,17.0,
Osrednjeslovenska,2019-11,4.0,18.6,27.0
Zasavska,2019-11,3.5,21.333333333333332,21.5
Zasavska,2019-12,3.5,32.666666666666664,26.0
Posavska,2019-12,3.0,14.0,
Osrednjeslovenska,2019-12,4.0,26.0,43.5
Koroška,2019-12,4.0,26.0,
Pomurska,2019-12,,31.5,18.0
Jugovzhodna Slovenija,2019-12,0.6,19.0,3.0
Podravska,2019-12,,24.8,31.5
Gorenjska,2019-12,,25.0,
Goriška,2019-12,,22.25,30.0
Savinjska,2019-12,3.4444444444444446,24.0,12.833333333333334
Obalno-kraška,2019-12,,17.0,21.0
Goriška,2020-01,,32.75,40.0
Pomurska,2020-01,,49.0,21.0
Savinjska,2020-01,3.7777777777777777,41.666666666666664,19.333333333333332
Gorenjska,2020-01,,38.0,
Posavska,2020-01,2.0,19.0,
Zasavska,2020-01,5.0,47.333333333333336,27.5
Obalno-kraška,2020-01,,33.0,32.0
Osrednjeslovenska,2020-01,4.0,50.5,49.5
Koroška,2020-01,6.0,41.0,
Jugovzhodna Slovenija,2020-01,0.2,27.5,3.0
Podravska,2020-01,,46.0,39.5
Obalno-kraška,2020-02,,28.0,25.0
Gorenjska,2020-02,,21.0,
Posavska,2020-02,3.0,13.0,
Zasavska,2020-02,3.5,22.666666666666668,20.5
Goriška,2020-02,,32.0,32.0
Jugovzhodna Slovenija,2020-02,0.7,13.0,3.0
Savinjska,2020-02,3.5555555555555554,19.5,12.666666666666666
Pomurska,2020-02,,23.5,16.0
Podravska,2020-02,,19.857142857142858,32.0
Osrednjeslovenska,2020-02,5.0,23.833333333333332,36.0
Koroška,2020-02,4.0,23.0,
Savinjska,2020-03,4.0,20.666666666666668,9.333333333333334
Goriška,2020-03,,20.25,18.0
Zasavska,2020-03,3.0,20.666666666666668,16.5
Gorenjska,2020-03,,16.0,
Posavska,2020-03,3.0,22.0,
Koroška,2020-03,4.0,21.0,
Podravska,2020-03,,22.857142857142858,23.0
Osrednjeslovenska,2020-03,4.0,21.5,23.0
Pomurska,2020-03,,19.5,11.0
Jugovzhodna Slovenija,2020-03,0.8,13.0,3.0
Obalno-kraška,2020-03,,17.0,17.0
Gorenjska,2020-04,,18.0,
Obalno-kraška,2020-04,,18.0,11.0
Pomurska,2020-04,,21.5,11.0
Goriška,2020-04,,18.75,12.0
Posavska,2020-04,5.0,20.0,
Savinjska,2020-04,4.444444444444445,20.666666666666668,8.0
Jugovzhodna Slovenija,2020-04,1.4,17.0,3.0
Podravska,2020-04,,20.857142857142858,18.5
Osrednjeslovenska,2020-04,4.0,20.833333333333332,18.5
Zasavska,2020-04,3.5,22.0,14.0
Koroška,2020-04,3.0,25.0,
Goriška,2020-05,,11.25,11.0
Jugovzhodna Slovenija,2020-05,1.0,10.0,2.0
Obalno-kraška,2020-05,,13.0,10.0
Koroška,2020-05,1.0,16.0,
Podravska,2020-05,,12.142857142857142,17.0
Savinjska,2020-05,3.7777777777777777,12.5,6.833333333333333
Osrednjeslovenska,2020-05,4.5,13.333333333333334,18.0
Posavska,2020-05,1.0,12.0,
Zasavska,2020-05,4.0,12.333333333333334,10.0
Gorenjska,2020-05,,11.0,
Pomurska,2020-05,,11.5,10.0
Posavska,2020-06,3.0,11.0,
Koroška,2020-06,1.0,14.0,
Osrednjeslovenska,2020-06,4.5,14.666666666666666,19.666666666666668
Savinjska,2020-06,4.222222222222222,12.166666666666666,5.833333333333333
Podravska,2020-06,,12.285714285714286,17.0
Zasavska,2020-06,3.0,12.0,8.5
Obalno-kraška,2020-06,,11.0,10.0
Pomurska,2020-06,,13.0,10.0
Gorenjska,2020-06,,10.0,
Jugovzhodna Slovenija,2020-06,,10.0,
Goriška,2020-06,,11.5,14.0
Savinjska,2020-07,4.777777777777778,13.333333333333334,5.6
Podravska,2020-07,,13.285714285714286,11.666666666666666
Pomurska,2020-07,,13.5,7.0
Zasavska,2020-07,1.0,13.333333333333334,10.5
Posavska,2020-07,3.0,12.0,
Osrednjeslovenska,2020-07,3.0,15.833333333333334,20.333333333333332
Jugovzhodna Slovenija,2020-07,,11.0,
Goriška,2020-07,,13.25,15.0
Koroška,2020-07,2.0,16.0,
Obalno-kraška,2020-07,,13.0,14.0
Gorenjska,2020-07,,11.0,
Podravska,2020-08,,15.0,12.0
Posavska,2020-08,2.0,14.0,
Osrednjeslovenska,2020-08,2.5,18.0,21.0
Jugovzhodna Slovenija,2020-08,,14.0,
Goriška,2020-08,,14.0,16.0
Koroška,2020-08,3.0,17.0,
Obalno-kraška,2020-08,,16.0,12.0
Savinjska,2020-08,5.0,15.833333333333334,6.2
Pomurska,2020-08,,16.5,6.0
Zasavska,2020-08,1.5,15.0,11.0
Gorenjska,2020-08,,14.0,
Gorenjska,2020-09,,14.0,
Pomurska,2020-09,,18.5,7.0
Goriška,2020-09,,14.0,22.0
Savinjska,2020-09,3.6666666666666665,15.166666666666666,8.0
Jugovzhodna Slovenija,2020-09,,12.0,
Osrednjeslovenska,2020-09,3.0,17.666666666666668,24.666666666666668
Podravska,2020-09,,15.285714285714286,15.666666666666666
Posavska,2020-09,4.0,15.0,
Zasavska,2020-09,2.0,14.333333333333334,13.5
Obalno-kraška,2020-09,,15.0,10.0
Koroška,2020-09,2.0,19.0,
Jugovzhodna Slovenija,2020-10,,11.5,
Podravska,2020-10,,16.0,18.333333333333332
Goriška,2020-10,,15.25,21.0
Osrednjeslovenska,2020-10,2.5,18.166666666666668,25.666666666666668
Savinjska,2020-10,3.4444444444444446,14.5,8.4
Posavska,2020-10,3.0,12.0,
Zasavska,2020-10,2.5,16.333333333333332,14.5
Obalno-kraška,2020-10,,15.0,12.0
Koroška,2020-10,4.0,20.0,
Pomurska,2020-10,,19.0,9.0
Gorenjska,2020-10,,15.0,
Zasavska,2020-11,1.5,30.0,20.0
Koroška,2020-11,2.0,27.0,
Jugovzhodna Slovenija,2020-11,,16.5,
Podravska,2020-11,,26.571428571428573,20.666666666666668
Goriška,2020-11,,21.25,28.0
Savinjska,2020-11,3.7777777777777777,25.166666666666668,13.4
Osrednjeslovenska,2020-11,3.0,30.0,31.0
Posavska,2020-11,3.0,16.0,
Pomurska,2020-11,,31.0,13.0
Gorenjska,2020-11,,27.0,
Obalno-kraška,2020-11,,22.0,18.0
Obalno-kraška,2020-12,,22.0,21.0
Koroška,2020-12,3.0,24.0,
Zasavska,2020-12,2.5,24.333333333333332,21.0
Posavska,2020-12,4.0,16.0,
Podravska,2020-12,,24.857142857142858,22.333333333333332
Osrednjeslovenska,2020-12,3.0,27.5,37.666666666666664
Jugovzhodna Slovenija,2020-12,,14.5,
Savinjska,2020-12,3.2222222222222223,24.333333333333332,14.0
Goriška,2020-12,,19.0,26.0
Gorenjska,2020-12,,25.0,
Pomurska,2020-12,,26.5,13.0
Pomurska,2021-01,,28.5,15.0
Zasavska,2021-01,5.0,28.0,25.0
Obalno-kraška,2021-01,,17.0,21.0
Posavska,2021-01,2.0,15.0,
Osrednjeslovenska,2021-01,4.0,31.571428571428573,35.25
Jugovzhodna Slovenija,2021-01,0.2,16.0,9.5
Koroška,2021-01,6.0,26.5,
Podravska,2021-01,,23.666666666666668,23.333333333333332
Goriška,2021-01,,20.8,20.0
Savinjska,2021-01,3.7777777777777777,22.428571428571427,14.428571428571429
Gorenjska,2021-01,,28.0,
Goriška,2021-02,,31.0,20.5
Zasavska,2021-02,3.5,27.666666666666668,21.5
Gorenjska,2021-02,,29.0,
Podravska,2021-02,,33.57142857142857,25.666666666666668
Jugovzhodna Slovenija,2021-02,0.7,19.0,9.0
Koroška,2021-02,4.0,25.5,
Osrednjeslovenska,2021-02,5.0,29.625,28.25
Savinjska,2021-02,3.5555555555555554,27.571428571428573,14.285714285714286
Pomurska,2021-02,,39.5,14.0
Posavska,2021-02,3.0,23.0,
Obalno-kraška,2021-02,,28.0,25.0
Goriška,2021-03,,19.4,19.0
Savinjska,2021-03,4.0,22.142857142857142,12.857142857142858
Koroška,2021-03,4.0,22.5,
Podravska,2021-03,,22.285714285714285,22.0
Pomurska,2021-03,,24.0,11.0
Jugovzhodna Slovenija,2021-03,0.8,13.5,8.0
Gorenjska,2021-03,,22.0,
Zasavska,2021-03,3.0,22.333333333333332,23.0
Posavska,2021-03,3.0,20.0,
Obalno-kraška,2021-03,,19.0,18.0
Osrednjeslovenska,2021-03,4.0,23.875,31.0
Posavska,2021-04,5.0,14.0,
Obalno-kraška,2021-04,,12.0,13.0
Koroška,2021-04,3.0,17.5,
Zasavska,2021-04,3.5,14.666666666666666,16.0
Gorenjska,2021-04,,14.0,
Goriška,2021-04,,11.8,13.5
Savinjska,2021-04,4.444444444444445,14.625,8.571428571428571
Podravska,2021-04,,16.0,15.0
Jugovzhodna Slovenija,2021-04,1.4,10.0,5.5
Osrednjeslovenska,2021-04,4.0,16.285714285714285,21.25
Pomurska,2021-04,,16.0,8.0
Gorenjska,2021-05,,9.0,
Zasavska,2021-05,4.0,9.75,12.5
Savinjska,2021-05,3.7777777777777777,11.285714285714286,6.285714285714286
Goriška,2021-05,,9.0,11.0
Jugovzhodna Slovenija,2021-05,1.0,7.5,4.0
Podravska,2021-05,,10.285714285714286,13.0
Osrednjeslovenska,2021-05,4.5,14.0,17.5
Pomurska,2021-05,,10.0,6.0
Koroška,2021-05,1.0,12.0,
Obalno-kraška,2021-05,,9.0,9.0
Posavska,2021-05,1.0,8.0,
Gorenjska,2021-06,,19.0,
Obalno-kraška,2021-06,,23.0,13.0
Posavska,2021-06,3.0,22.0,
Osrednjeslovenska,2021-06,4.5,24.428571428571427,18.75
Podravska,2021-06,,22.857142857142858,14.666666666666666
Zasavska,2021-06,3.0,20.333333333333332,14.0
Jugovzhodna Slovenija,2021-06,,19.0,4.5
Pomurska,2021-06,,21.5,7.0
Koroška,2021-06,1.0,23.5,
Goriška,2021-06,,18.2,11.0
Savinjska,2021-06,4.222222222222222,19.142857142857142,6.428571428571429
Posavska,2021-07,3.0,15.0,
Obalno-kraška,2021-07,,15.0,10.0
Goriška,2021-07,,13.8,12.5
Zasavska,2021-07,1.0,16.0,13.0
Gorenjska,2021-07,,15.0,
Pomurska,2021-07,,17.0,6.0
Osrednjeslovenska,2021-07,3.0,18.0,20.5
Koroška,2021-07,2.0,16.0,
Podravska,2021-07,,17.285714285714285,14.0
Jugovzhodna Slovenija,2021-07,,14.5,4.0
Savinjska,2021-07,4.777777777777778,14.285714285714286,6.714285714285714
Podravska,2021-08,,12.142857142857142,12.333333333333334
Jugovzhodna Slovenija,2021-08,,11.0,4.0
Savinjska,2021-08,5.0,11.857142857142858,6.285714285714286
Pomurska,2021-08,,11.0,5.0
Goriška,2021-08,,10.6,11.5
Zasavska,2021-08,1.5,12.333333333333334,14.0
Gorenjska,2021-08,,12.0,
Osrednjeslovenska,2021-08,2.5,16.142857142857142,20.75
Koroška,2021-08,3.0,11.5,
Posavska,2021-08,2.0,10.0,
Obalno-kraška,2021-08,,13.0,11.0
Koroška,2021-09,2.0,16.0,
Zasavska,2021-09,2.0,16.0,18.0
Posavska,2021-09,4.0,16.0,
Obalno-kraška,2021-09,,15.0,12.0
Pomurska,2021-09,,17.5,7.0
Gorenjska,2021-09,,17.0,
Savinjska,2021-09,3.6666666666666665,17.857142857142858,9.714285714285714
Podravska,2021-09,,17.0,17.666666666666668
Osrednjeslovenska,2021-09,3.0,21.0,26.0
Goriška,2021-09,,13.8,16.5
Jugovzhodna Slovenija,2021-09,,13.5,5.5
Posavska,2021-10,3.0,17.0,
Podravska,2021-10,,22.285714285714285,18.0
Savinjska,2021-10,3.4444444444444446,20.714285714285715,11.142857142857142
Gorenjska,2021-10,,20.0,
Pomurska,2021-10,,26.0,9.0
Goriška,2021-10,,14.2,18.0
Zasavska,2021-10,2.5,21.333333333333332,17.0
Obalno-kraška,2021-10,,14.0,12.0
Koroška,2021-10,4.0,17.5,
Jugovzhodna Slovenija,2021-10,,15.5,6.5
Osrednjeslovenska,2021-10,2.5,25.857142857142858,25.75
Osrednjeslovenska,2021-11,3.0,27.142857142857142,26.75
Goriška,2021-11,,14.8,18.5
Pomurska,2021-11,,28.5,14.0
Gorenjska,2021-11,,27.0,
Podravska,2021-11,,24.285714285714285,22.0
Savinjska,2021-11,3.7777777777777777,24.285714285714285,13.714285714285714
Zasavska,2021-11,1.5,24.333333333333332,20.0
Obalno-kraška,2021-11,,15.0,16.0
Posavska,2021-11,3.0,19.0,
Koroška,2021-11,2.0,20.0,
Jugovzhodna Slovenija,2021-11,,15.5,8.0
Savinjska,2021-12,3.2222222222222223,21.8,17.142857142857142
Gorenjska,2021-12,,34.0,
Pomurska,2021-12,,32.5,19.0
Jugovzhodna Slovenija,2021-12,,15.5,9.5
Podravska,2021-12,,26.571428571428573,27.0
Goriška,2021-12,,19.6,24.0
Osrednjeslovenska,2021-12,3.0,32.5,39.25
Obalno-kraška,2021-12,,16.0,24.0
Koroška,2021-12,3.0,26.5,
Zasavska,2021-12,2.5,27.666666666666668,23.0
Posavska,2021-12,4.0,16.0,
Posavska,2022-01,3.0,18.0,
Zasavska,2022-01,2.0,36.666666666666664,28.0
Koroška,2022-01,3.0,29.0,
Jugovzhodna Slovenija,2022-01,1.0,18.5,10.0
Obalno-kraška,2022-01,,24.0,24.0
Savinjska,2022-01,3.8,26.666666666666668,18.0
Goriška,2022-01,,25.25,37.0
Osrednjeslovenska,2022-01,3.0,39.333333333333336,41.5
Podravska,2022-01,,32.285714285714285,33.333333333333336
Pomurska,2022-01,,43.0,17.0
Gorenjska,2022-01,,36.0,
Obalno-kraška,2022-02,,20.0,24.0
Jugovzhodna Slovenija,2022-02,1.0,12.5,9.0
Koroška,2022-02,4.0,23.0,
Zasavska,2022-02,3.0,22.0,24.0
Posavska,2022-02,4.0,15.0,
Savinjska,2022-02,4.0,20.5,15.0
Podravska,2022-02,,20.857142857142858,24.666666666666668
Pomurska,2022-02,,25.5,12.0
Gorenjska,2022-02,,21.0,
Osrednjeslovenska,2022-02,2.0,23.833333333333332,30.0
Goriška,2022-02,,23.5,33.0
Goriška,2022-03,,25.0,35.0
Osrednjeslovenska,2022-03,3.0,34.5,31.5
Podravska,2022-03,,32.0,25.0
Savinjska,2022-03,4.0,31.666666666666668,17.142857142857142
Jugovzhodna Slovenija,2022-03,2.0,21.0,8.5
Obalno-kraška,2022-03,,24.0,20.0
Koroška,2022-03,5.0,30.0,
Zasavska,2022-03,3.0,29.333333333333332,27.0
Posavska,2022-03,6.0,31.0,
Pomurska,2022-03,,36.5,13.0
Gorenjska,2022-03,,31.0,
Jugovzhodna Slovenija,2022-04,2.0,10.5,5.5
Obalno-kraška,2022-04,,13.0,12.0
Posavska,2022-04,5.0,13.0,
Pomurska,2022-04,,16.0,7.0
Gorenjska,2022-04,,14.0,
Zasavska,2022-04,1.0,14.0,16.0
Koroška,2022-04,5.0,14.0,
Osrednjeslovenska,2022-04,2.5,15.833333333333334,23.0
Goriška,2022-04,,14.0,20.0
Savinjska,2022-04,3.0,13.166666666666666,9.428571428571429
Podravska,2022-04,,15.285714285714286,16.0
Gorenjska,2022-05,,16.0,
Savinjska,2022-05,3.0,15.333333333333334,8.285714285714286
Goriška,2022-05,,15.25,17.0
Podravska,2022-05,,18.142857142857142,13.333333333333334
Koroška,2022-05,6.0,22.0,
Zasavska,2022-05,2.0,16.0,14.0
Osrednjeslovenska,2022-05,4.0,18.833333333333332,23.25
Pomurska,2022-05,,17.5,6.0
Posavska,2022-05,7.0,15.0,
Jugovzhodna Slovenija,2022-05,1.0,14.5,4.0
Obalno-kraška,2022-05,,18.0,12.0
Pomurska,2022-06,,16.0,4.0
Podravska,2022-06,,17.0,12.333333333333334
Goriška,2022-06,,17.0,17.0
Posavska,2022-06,6.0,14.0,
Osrednjeslovenska,2022-06,4.0,20.0,20.0
Obalno-kraška,2022-06,,20.0,11.0
Koroška,2022-06,5.0,20.0,
Jugovzhodna Slovenija,2022-06,1.0,17.0,3.5
Zasavska,2022-06,3.0,16.666666666666668,12.0
Savinjska,2022-06,3.0,15.166666666666666,7.142857142857143
Gorenjska,2022-06,,17.0,
Goriška,2022-07,,16.666666666666668,17.0
Podravska,2022-07,,15.285714285714286,12.0
Savinjska,2022-07,2.4,12.666666666666666,7.571428571428571
Pomurska,2022-07,,15.0,5.0
Gorenjska,2022-07,,14.0,
Jugovzhodna Slovenija,2022-07,1.0,14.5,4.0
Posavska,2022-07,4.0,13.0,
Obalno-kraška,2022-07,,18.0,11.0
Osrednjeslovenska,2022-07,2.5,18.5,18.75
Zasavska,2022-07,1.0,13.333333333333334,12.0
Koroška,2022-07,3.0,16.0,
Goriška,2022-08,,12.75,17.0
Podravska,2022-08,,14.714285714285714,12.333333333333334
Gorenjska,2022-08,,12.0,
Obalno-kraška,2022-08,,12.0,12.0
Jugovzhodna Slovenija,2022-08,1.0,12.5,4.0
Savinjska,2022-08,2.7,11.333333333333334,7.142857142857143
Pomurska,2022-08,,15.0,5.0
Osrednjeslovenska,2022-08,2.5,16.0,20.0
Posavska,2022-08,6.0,12.0,
Zasavska,2022-08,1.0,13.333333333333334,13.0
Koroška,2022-08,4.0,16.0,
Koroška,2022-09,5.0,15.0,
Posavska,2022-09,6.0,8.0,
Osrednjeslovenska,2022-09,2.0,12.166666666666666,24.25
Jugovzhodna Slovenija,2022-09,1.0,8.5,5.0
Pomurska,2022-09,,12.5,6.0
Savinjska,2022-09,3.1,9.166666666666666,8.142857142857142
Podravska,2022-09,,12.142857142857142,15.5
Obalno-kraška,2022-09,,10.0,9.0
Gorenjska,2022-09,,10.0,
Goriška,2022-09,,10.5,19.0
Zasavska,2022-09,1.0,10.666666666666666,14.0
Savinjska,2022-10,3.1,20.666666666666668,9.428571428571429
Goriška,2022-10,,22.75,22.0
Podravska,2022-10,,25.571428571428573,15.333333333333334
Jugovzhodna Slovenija,2022-10,2.0,20.0,6.5
Pomurska,2022-10,,27.0,10.0
Obalno-kraška,2022-10,,25.0,15.0
Osrednjeslovenska,2022-10,2.0,27.333333333333332,27.0
Posavska,2022-10,5.0,20.0,
Koroška,2022-10,5.0,28.0,
Zasavska,2022-10,2.0,25.666666666666668,16.0
Gorenjska,2022-10,,24.0,
Koroška,2022-11,3.0,21.0,
Posavska,2022-11,4.0,13.0,
Pomurska,2022-11,,29.0,12.0
Savinjska,2022-11,3.8,16.333333333333332,10.714285714285714
Gorenjska,2022-11,,22.0,
Goriška,2022-11,,16.75,25.0
Podravska,2022-11,,21.714285714285715,15.333333333333334
Jugovzhodna Slovenija,2022-11,2.0,14.0,7.0
Obalno-kraška,2022-11,,13.0,14.0
Osrednjeslovenska,2022-11,1.5,21.166666666666668,27.75
Zasavska,2022-11,3.0,19.0,18.0
Jugovzhodna Slovenija,2022-12,1.0,15.0,9.0
Obalno-kraška,2022-12,,24.0,19.0
Podravska,2022-12,,25.142857142857142,22.333333333333332
Goriška,2022-12,,22.25,28.0
Osrednjeslovenska,2022-12,2.0,21.333333333333332,30.0
Posavska,2022-12,3.0,15.0,
Koroška,2022-12,3.0,21.0,
Pomurska,2022-12,,36.5,15.0
Savinjska,2022-12,3.9,18.833333333333332,14.714285714285714
Gorenjska,2022-12,,21.0,
Zasavska,2022-12,3.0,18.333333333333332,21.0
